[2026-05-04 04:09:58] INFO: 🚀 Server is running on http://0.0.0.0:5000 {"service":"igtihad-api"}
[2026-05-04 04:10:49] INFO: GET /api/health {"service":"igtihad-api","method":"GET","url":"/api/health","status":200,"duration":"13ms"}
[2026-05-04 04:58:38] INFO: 🚀 Server is running on http://0.0.0.0:5000 {"service":"igtihad-api"}
[2026-05-04 04:58:40] INFO: GET /api/health {"service":"igtihad-api","method":"GET","url":"/api/health","status":304,"duration":"4ms"}
[2026-05-04 04:58:42] INFO: GET /api/health {"service":"igtihad-api","method":"GET","url":"/api/health","status":304,"duration":"1ms"}
[2026-05-04 04:58:43] INFO: GET /api/health {"service":"igtihad-api","method":"GET","url":"/api/health","status":304,"duration":"2ms"}
[2026-05-04 04:58:44] INFO: GET /api/health {"service":"igtihad-api","method":"GET","url":"/api/health","status":304,"duration":"1ms"}
[2026-05-04 04:58:44] INFO: GET /api/health {"service":"igtihad-api","method":"GET","url":"/api/health","status":304,"duration":"1ms"}
[2026-05-04 04:58:45] INFO: GET /api/health {"service":"igtihad-api","method":"GET","url":"/api/health","status":304,"duration":"1ms"}
[2026-05-04 04:58:46] INFO: GET /api/health {"service":"igtihad-api","method":"GET","url":"/api/health","status":304,"duration":"1ms"}
[2026-05-04 04:58:46] INFO: POST /api/auth/login {"service":"igtihad-api","method":"POST","url":"/api/auth/login","status":200,"duration":"132ms"}
[2026-05-04 04:58:54] INFO: GET /api/auth/me {"service":"igtihad-api","method":"GET","url":"/api/auth/me","status":200,"duration":"9ms"}
[2026-05-04 04:58:54] WARN: GET /api/admin/dashboard {"service":"igtihad-api","method":"GET","url":"/api/admin/dashboard","status":403,"duration":"3ms"}
[2026-05-04 04:58:54] WARN: GET /api/admin/codes {"service":"igtihad-api","method":"GET","url":"/api/admin/codes","status":403,"duration":"3ms"}
[2026-05-04 04:58:54] INFO: GET /api/courses {"service":"igtihad-api","method":"GET","url":"/api/courses","status":304,"duration":"4ms"}
[2026-05-04 04:58:55] WARN: GET /api/admin/dashboard {"service":"igtihad-api","method":"GET","url":"/api/admin/dashboard","status":403,"duration":"1ms"}
[2026-05-04 04:58:55] WARN: GET /api/admin/codes {"service":"igtihad-api","method":"GET","url":"/api/admin/codes","status":403,"duration":"1ms"}
[2026-05-04 04:58:55] INFO: GET /api/courses {"service":"igtihad-api","method":"GET","url":"/api/courses","status":304,"duration":"4ms"}
[2026-05-04 04:58:56] INFO: GET /api/courses {"service":"igtihad-api","method":"GET","url":"/api/courses","status":304,"duration":"1ms"}
[2026-05-04 04:58:56] INFO: GET /api/quizzes {"service":"igtihad-api","method":"GET","url":"/api/quizzes","status":304,"duration":"3ms"}
[2026-05-04 04:58:56] INFO: GET /api/quizzes/1/questions {"service":"igtihad-api","method":"GET","url":"/api/quizzes/1/questions","status":200,"duration":"3ms"}
[2026-05-04 04:58:57] INFO: GET /api/courses {"service":"igtihad-api","method":"GET","url":"/api/courses","status":304,"duration":"2ms"}
[2026-05-04 04:58:58] INFO: GET /api/public/reviews {"service":"igtihad-api","method":"GET","url":"/api/public/reviews","status":304,"duration":"1ms"}
[2026-05-04 04:59:00] INFO: GET /api/health {"service":"igtihad-api","method":"GET","url":"/api/health","status":304,"duration":"1ms"}
[2026-05-04 04:59:00] INFO: GET /api/health {"service":"igtihad-api","method":"GET","url":"/api/health","status":304,"duration":"2ms"}
[2026-05-04 04:59:01] INFO: GET /api/health {"service":"igtihad-api","method":"GET","url":"/api/health","status":304,"duration":"1ms"}
[2026-05-04 04:59:01] INFO: POST /api/auth/login {"service":"igtihad-api","method":"POST","url":"/api/auth/login","status":200,"duration":"74ms"}
[2026-05-04 04:59:02] INFO: GET /api/students/02590459-302f-4d2a-8dd1-105e42bdcab4/enrollments {"service":"igtihad-api","method":"GET","url":"/api/students/02590459-302f-4d2a-8dd1-105e42bdcab4/enrollments","status":304,"duration":"7ms"}
[2026-05-04 04:59:02] INFO: GET /api/students/02590459-302f-4d2a-8dd1-105e42bdcab4/notifications {"service":"igtihad-api","method":"GET","url":"/api/students/02590459-302f-4d2a-8dd1-105e42bdcab4/notifications","status":304,"duration":"7ms"}
[2026-05-04 04:59:02] INFO: GET /api/students/02590459-302f-4d2a-8dd1-105e42bdcab4/progress {"service":"igtihad-api","method":"GET","url":"/api/students/02590459-302f-4d2a-8dd1-105e42bdcab4/progress","status":304,"duration":"12ms"}
[2026-05-04 04:59:02] INFO: GET /api/quizzes {"service":"igtihad-api","method":"GET","url":"/api/quizzes","status":304,"duration":"13ms"}
[2026-05-04 04:59:02] INFO: GET /api/students/02590459-302f-4d2a-8dd1-105e42bdcab4/enrollments {"service":"igtihad-api","method":"GET","url":"/api/students/02590459-302f-4d2a-8dd1-105e42bdcab4/enrollments","status":304,"duration":"14ms"}
[2026-05-04 04:59:02] INFO: GET /api/students/02590459-302f-4d2a-8dd1-105e42bdcab4/notifications {"service":"igtihad-api","method":"GET","url":"/api/students/02590459-302f-4d2a-8dd1-105e42bdcab4/notifications","status":304,"duration":"16ms"}
[2026-05-04 04:59:02] INFO: GET /api/quizzes/results/student/02590459-302f-4d2a-8dd1-105e42bdcab4 {"service":"igtihad-api","method":"GET","url":"/api/quizzes/results/student/02590459-302f-4d2a-8dd1-105e42bdcab4","status":304,"duration":"16ms"}
[2026-05-04 04:59:02] INFO: GET /api/students/02590459-302f-4d2a-8dd1-105e42bdcab4/progress {"service":"igtihad-api","method":"GET","url":"/api/students/02590459-302f-4d2a-8dd1-105e42bdcab4/progress","status":304,"duration":"12ms"}
[2026-05-04 04:59:02] INFO: GET /api/quizzes {"service":"igtihad-api","method":"GET","url":"/api/quizzes","status":304,"duration":"9ms"}
[2026-05-04 04:59:02] INFO: GET /api/quizzes/results/student/02590459-302f-4d2a-8dd1-105e42bdcab4 {"service":"igtihad-api","method":"GET","url":"/api/quizzes/results/student/02590459-302f-4d2a-8dd1-105e42bdcab4","status":304,"duration":"6ms"}
[2026-05-04 04:59:04] INFO: GET /api/students/02590459-302f-4d2a-8dd1-105e42bdcab4/wallet {"service":"igtihad-api","method":"GET","url":"/api/students/02590459-302f-4d2a-8dd1-105e42bdcab4/wallet","status":304,"duration":"3ms"}
[2026-05-04 04:59:05] INFO: GET /api/students/02590459-302f-4d2a-8dd1-105e42bdcab4/enrollments {"service":"igtihad-api","method":"GET","url":"/api/students/02590459-302f-4d2a-8dd1-105e42bdcab4/enrollments","status":304,"duration":"4ms"}
[2026-05-04 04:59:05] INFO: GET /api/students/02590459-302f-4d2a-8dd1-105e42bdcab4/enrollments {"service":"igtihad-api","method":"GET","url":"/api/students/02590459-302f-4d2a-8dd1-105e42bdcab4/enrollments","status":304,"duration":"3ms"}
[2026-05-04 04:59:05] INFO: GET /api/students/02590459-302f-4d2a-8dd1-105e42bdcab4/progress-by-course {"service":"igtihad-api","method":"GET","url":"/api/students/02590459-302f-4d2a-8dd1-105e42bdcab4/progress-by-course","status":304,"duration":"3ms"}
[2026-05-04 04:59:05] INFO: GET /api/students/02590459-302f-4d2a-8dd1-105e42bdcab4/progress-by-course {"service":"igtihad-api","method":"GET","url":"/api/students/02590459-302f-4d2a-8dd1-105e42bdcab4/progress-by-course","status":304,"duration":"2ms"}
[2026-05-04 04:59:06] INFO: GET /api/students/02590459-302f-4d2a-8dd1-105e42bdcab4/enrollments {"service":"igtihad-api","method":"GET","url":"/api/students/02590459-302f-4d2a-8dd1-105e42bdcab4/enrollments","status":304,"duration":"2ms"}
[2026-05-04 04:59:06] INFO: GET /api/students/02590459-302f-4d2a-8dd1-105e42bdcab4/progress {"service":"igtihad-api","method":"GET","url":"/api/students/02590459-302f-4d2a-8dd1-105e42bdcab4/progress","status":304,"duration":"6ms"}
[2026-05-04 04:59:06] INFO: GET /api/students/02590459-302f-4d2a-8dd1-105e42bdcab4/enrollments {"service":"igtihad-api","method":"GET","url":"/api/students/02590459-302f-4d2a-8dd1-105e42bdcab4/enrollments","status":304,"duration":"9ms"}
[2026-05-04 04:59:06] INFO: GET /api/quizzes {"service":"igtihad-api","method":"GET","url":"/api/quizzes","status":304,"duration":"6ms"}
[2026-05-04 04:59:06] INFO: GET /api/students/02590459-302f-4d2a-8dd1-105e42bdcab4/progress {"service":"igtihad-api","method":"GET","url":"/api/students/02590459-302f-4d2a-8dd1-105e42bdcab4/progress","status":304,"duration":"5ms"}
[2026-05-04 04:59:06] INFO: GET /api/quizzes {"service":"igtihad-api","method":"GET","url":"/api/quizzes","status":304,"duration":"3ms"}
[2026-05-04 04:59:06] INFO: GET /api/quizzes/results/student/02590459-302f-4d2a-8dd1-105e42bdcab4 {"service":"igtihad-api","method":"GET","url":"/api/quizzes/results/student/02590459-302f-4d2a-8dd1-105e42bdcab4","status":304,"duration":"3ms"}
[2026-05-04 04:59:06] INFO: GET /api/quizzes/results/student/02590459-302f-4d2a-8dd1-105e42bdcab4 {"service":"igtihad-api","method":"GET","url":"/api/quizzes/results/student/02590459-302f-4d2a-8dd1-105e42bdcab4","status":304,"duration":"2ms"}
[2026-05-04 04:59:08] INFO: GET /api/students/02590459-302f-4d2a-8dd1-105e42bdcab4/wallet {"service":"igtihad-api","method":"GET","url":"/api/students/02590459-302f-4d2a-8dd1-105e42bdcab4/wallet","status":304,"duration":"2ms"}
[2026-05-04 05:03:52] INFO: GET /api/students/02590459-302f-4d2a-8dd1-105e42bdcab4/wallet {"service":"igtihad-api","method":"GET","url":"/api/students/02590459-302f-4d2a-8dd1-105e42bdcab4/wallet","status":304,"duration":"2ms"}
[2026-05-04 05:03:53] INFO: GET /api/students/02590459-302f-4d2a-8dd1-105e42bdcab4/enrollments {"service":"igtihad-api","method":"GET","url":"/api/students/02590459-302f-4d2a-8dd1-105e42bdcab4/enrollments","status":304,"duration":"5ms"}
[2026-05-04 05:03:53] INFO: GET /api/students/02590459-302f-4d2a-8dd1-105e42bdcab4/enrollments {"service":"igtihad-api","method":"GET","url":"/api/students/02590459-302f-4d2a-8dd1-105e42bdcab4/enrollments","status":304,"duration":"3ms"}
[2026-05-04 05:03:53] INFO: GET /api/students/02590459-302f-4d2a-8dd1-105e42bdcab4/progress-by-course {"service":"igtihad-api","method":"GET","url":"/api/students/02590459-302f-4d2a-8dd1-105e42bdcab4/progress-by-course","status":304,"duration":"10ms"}
[2026-05-04 05:03:53] INFO: GET /api/students/02590459-302f-4d2a-8dd1-105e42bdcab4/progress-by-course {"service":"igtihad-api","method":"GET","url":"/api/students/02590459-302f-4d2a-8dd1-105e42bdcab4/progress-by-course","status":304,"duration":"10ms"}
[2026-05-04 05:03:53] INFO: GET /api/students/02590459-302f-4d2a-8dd1-105e42bdcab4/enrollments {"service":"igtihad-api","method":"GET","url":"/api/students/02590459-302f-4d2a-8dd1-105e42bdcab4/enrollments","status":304,"duration":"4ms"}
[2026-05-04 05:03:54] INFO: GET /api/students/02590459-302f-4d2a-8dd1-105e42bdcab4/enrollments {"service":"igtihad-api","method":"GET","url":"/api/students/02590459-302f-4d2a-8dd1-105e42bdcab4/enrollments","status":304,"duration":"3ms"}
[2026-05-04 05:03:54] INFO: GET /api/students/02590459-302f-4d2a-8dd1-105e42bdcab4/progress {"service":"igtihad-api","method":"GET","url":"/api/students/02590459-302f-4d2a-8dd1-105e42bdcab4/progress","status":304,"duration":"4ms"}
[2026-05-04 05:03:54] INFO: GET /api/students/02590459-302f-4d2a-8dd1-105e42bdcab4/progress {"service":"igtihad-api","method":"GET","url":"/api/students/02590459-302f-4d2a-8dd1-105e42bdcab4/progress","status":304,"duration":"3ms"}
[2026-05-04 05:03:54] INFO: GET /api/quizzes {"service":"igtihad-api","method":"GET","url":"/api/quizzes","status":304,"duration":"3ms"}
[2026-05-04 05:03:54] INFO: GET /api/quizzes {"service":"igtihad-api","method":"GET","url":"/api/quizzes","status":304,"duration":"2ms"}
[2026-05-04 05:03:54] INFO: GET /api/quizzes/results/student/02590459-302f-4d2a-8dd1-105e42bdcab4 {"service":"igtihad-api","method":"GET","url":"/api/quizzes/results/student/02590459-302f-4d2a-8dd1-105e42bdcab4","status":304,"duration":"2ms"}
[2026-05-04 05:03:54] INFO: GET /api/quizzes/results/student/02590459-302f-4d2a-8dd1-105e42bdcab4 {"service":"igtihad-api","method":"GET","url":"/api/quizzes/results/student/02590459-302f-4d2a-8dd1-105e42bdcab4","status":304,"duration":"2ms"}
[2026-05-04 05:03:58] INFO: GET /api/health {"service":"igtihad-api","method":"GET","url":"/api/health","status":304,"duration":"0ms"}
[2026-05-04 05:03:58] INFO: GET /api/health {"service":"igtihad-api","method":"GET","url":"/api/health","status":304,"duration":"1ms"}
[2026-05-04 05:03:59] INFO: GET /api/health {"service":"igtihad-api","method":"GET","url":"/api/health","status":304,"duration":"1ms"}
[2026-05-04 05:03:59] INFO: POST /api/auth/login {"service":"igtihad-api","method":"POST","url":"/api/auth/login","status":200,"duration":"73ms"}
[2026-05-04 05:03:59] INFO: GET /api/students/02590459-302f-4d2a-8dd1-105e42bdcab4/enrollments {"service":"igtihad-api","method":"GET","url":"/api/students/02590459-302f-4d2a-8dd1-105e42bdcab4/enrollments","status":304,"duration":"5ms"}
[2026-05-04 05:03:59] INFO: GET /api/students/02590459-302f-4d2a-8dd1-105e42bdcab4/notifications {"service":"igtihad-api","method":"GET","url":"/api/students/02590459-302f-4d2a-8dd1-105e42bdcab4/notifications","status":304,"duration":"9ms"}
[2026-05-04 05:03:59] INFO: GET /api/students/02590459-302f-4d2a-8dd1-105e42bdcab4/enrollments {"service":"igtihad-api","method":"GET","url":"/api/students/02590459-302f-4d2a-8dd1-105e42bdcab4/enrollments","status":304,"duration":"7ms"}
[2026-05-04 05:03:59] INFO: GET /api/students/02590459-302f-4d2a-8dd1-105e42bdcab4/progress {"service":"igtihad-api","method":"GET","url":"/api/students/02590459-302f-4d2a-8dd1-105e42bdcab4/progress","status":304,"duration":"10ms"}
[2026-05-04 05:03:59] INFO: GET /api/students/02590459-302f-4d2a-8dd1-105e42bdcab4/notifications {"service":"igtihad-api","method":"GET","url":"/api/students/02590459-302f-4d2a-8dd1-105e42bdcab4/notifications","status":304,"duration":"12ms"}
[2026-05-04 05:03:59] INFO: GET /api/quizzes {"service":"igtihad-api","method":"GET","url":"/api/quizzes","status":304,"duration":"6ms"}
[2026-05-04 05:03:59] INFO: GET /api/students/02590459-302f-4d2a-8dd1-105e42bdcab4/progress {"service":"igtihad-api","method":"GET","url":"/api/students/02590459-302f-4d2a-8dd1-105e42bdcab4/progress","status":304,"duration":"5ms"}
[2026-05-04 05:03:59] INFO: GET /api/quizzes/results/student/02590459-302f-4d2a-8dd1-105e42bdcab4 {"service":"igtihad-api","method":"GET","url":"/api/quizzes/results/student/02590459-302f-4d2a-8dd1-105e42bdcab4","status":304,"duration":"9ms"}
[2026-05-04 05:03:59] INFO: GET /api/quizzes {"service":"igtihad-api","method":"GET","url":"/api/quizzes","status":304,"duration":"7ms"}
[2026-05-04 05:03:59] INFO: GET /api/quizzes/results/student/02590459-302f-4d2a-8dd1-105e42bdcab4 {"service":"igtihad-api","method":"GET","url":"/api/quizzes/results/student/02590459-302f-4d2a-8dd1-105e42bdcab4","status":304,"duration":"7ms"}
[2026-05-04 05:04:02] INFO: GET /api/health {"service":"igtihad-api","method":"GET","url":"/api/health","status":304,"duration":"2ms"}
[2026-05-04 05:04:02] INFO: GET /api/health {"service":"igtihad-api","method":"GET","url":"/api/health","status":304,"duration":"1ms"}
[2026-05-04 05:04:05] INFO: GET /api/health {"service":"igtihad-api","method":"GET","url":"/api/health","status":304,"duration":"1ms"}
[2026-05-04 05:04:05] INFO: POST /api/auth/login {"service":"igtihad-api","method":"POST","url":"/api/auth/login","status":200,"duration":"68ms"}
[2026-05-04 05:04:05] INFO: GET /api/admin/dashboard {"service":"igtihad-api","method":"GET","url":"/api/admin/dashboard","status":200,"duration":"4ms"}
[2026-05-04 05:04:05] INFO: GET /api/courses {"service":"igtihad-api","method":"GET","url":"/api/courses","status":304,"duration":"1ms"}
[2026-05-04 05:04:05] INFO: GET /api/admin/codes {"service":"igtihad-api","method":"GET","url":"/api/admin/codes","status":200,"duration":"3ms"}
[2026-05-04 05:04:06] INFO: GET /api/admin/codes {"service":"igtihad-api","method":"GET","url":"/api/admin/codes","status":304,"duration":"2ms"}
[2026-05-04 05:04:06] INFO: GET /api/courses {"service":"igtihad-api","method":"GET","url":"/api/courses","status":304,"duration":"2ms"}
[2026-05-04 05:04:06] INFO: GET /api/admin/dashboard {"service":"igtihad-api","method":"GET","url":"/api/admin/dashboard","status":304,"duration":"3ms"}
[2026-05-04 05:04:07] INFO: GET /api/courses {"service":"igtihad-api","method":"GET","url":"/api/courses","status":304,"duration":"1ms"}
[2026-05-04 05:04:07] INFO: GET /api/quizzes {"service":"igtihad-api","method":"GET","url":"/api/quizzes","status":304,"duration":"2ms"}
[2026-05-04 05:04:07] INFO: GET /api/quizzes/1/questions {"service":"igtihad-api","method":"GET","url":"/api/quizzes/1/questions","status":304,"duration":"2ms"}
[2026-05-04 05:04:08] INFO: GET /api/students/qa/all {"service":"igtihad-api","method":"GET","url":"/api/students/qa/all","status":304,"duration":"2ms"}
[2026-05-04 05:04:13] INFO: GET /api/quizzes {"service":"igtihad-api","method":"GET","url":"/api/quizzes","status":304,"duration":"2ms"}
[2026-05-04 05:04:13] INFO: GET /api/courses {"service":"igtihad-api","method":"GET","url":"/api/courses","status":304,"duration":"4ms"}
[2026-05-04 05:04:13] INFO: GET /api/quizzes/1/questions {"service":"igtihad-api","method":"GET","url":"/api/quizzes/1/questions","status":304,"duration":"5ms"}
[2026-05-04 05:04:18] INFO: DELETE /api/quizzes/questions/3 {"service":"igtihad-api","method":"DELETE","url":"/api/quizzes/questions/3","status":200,"duration":"13ms"}
[2026-05-04 05:04:18] INFO: GET /api/quizzes/1/questions {"service":"igtihad-api","method":"GET","url":"/api/quizzes/1/questions","status":200,"duration":"2ms"}
[2026-05-04 05:04:23] INFO: GET /api/quizzes {"service":"igtihad-api","method":"GET","url":"/api/quizzes","status":304,"duration":"1ms"}
[2026-05-04 05:04:23] INFO: GET /api/courses {"service":"igtihad-api","method":"GET","url":"/api/courses","status":304,"duration":"2ms"}
[2026-05-04 05:04:23] INFO: GET /api/quizzes/1/questions {"service":"igtihad-api","method":"GET","url":"/api/quizzes/1/questions","status":304,"duration":"2ms"}
[2026-05-04 05:04:27] INFO: GET /api/students/qa/all {"service":"igtihad-api","method":"GET","url":"/api/students/qa/all","status":304,"duration":"2ms"}
[2026-05-04 05:04:34] INFO: GET /api/courses {"service":"igtihad-api","method":"GET","url":"/api/courses","status":304,"duration":"3ms"}
[2026-05-04 05:04:34] INFO: GET /api/admin/codes {"service":"igtihad-api","method":"GET","url":"/api/admin/codes","status":304,"duration":"6ms"}
[2026-05-04 05:04:34] INFO: GET /api/admin/dashboard {"service":"igtihad-api","method":"GET","url":"/api/admin/dashboard","status":304,"duration":"10ms"}
[2026-05-04 05:04:35] INFO: GET /api/courses {"service":"igtihad-api","method":"GET","url":"/api/courses","status":304,"duration":"3ms"}
[2026-05-04 05:04:35] INFO: GET /api/admin/codes {"service":"igtihad-api","method":"GET","url":"/api/admin/codes","status":304,"duration":"4ms"}
[2026-05-04 05:04:35] INFO: GET /api/admin/dashboard {"service":"igtihad-api","method":"GET","url":"/api/admin/dashboard","status":304,"duration":"7ms"}
[2026-05-04 05:04:38] INFO: GET /api/courses {"service":"igtihad-api","method":"GET","url":"/api/courses","status":304,"duration":"2ms"}
[2026-05-04 05:04:38] INFO: GET /api/admin/codes {"service":"igtihad-api","method":"GET","url":"/api/admin/codes","status":304,"duration":"4ms"}
[2026-05-04 05:04:38] INFO: GET /api/admin/dashboard {"service":"igtihad-api","method":"GET","url":"/api/admin/dashboard","status":304,"duration":"10ms"}
[2026-05-04 05:04:49] INFO: GET /api/health {"service":"igtihad-api","method":"GET","url":"/api/health","status":304,"duration":"0ms"}
[2026-05-04 05:04:52] INFO: GET /api/health {"service":"igtihad-api","method":"GET","url":"/api/health","status":304,"duration":"1ms"}
[2026-05-04 05:04:52] INFO: POST /api/auth/login {"service":"igtihad-api","method":"POST","url":"/api/auth/login","status":200,"duration":"71ms"}
[2026-05-04 05:04:52] INFO: GET /api/students/02590459-302f-4d2a-8dd1-105e42bdcab4/enrollments {"service":"igtihad-api","method":"GET","url":"/api/students/02590459-302f-4d2a-8dd1-105e42bdcab4/enrollments","status":304,"duration":"4ms"}
[2026-05-04 05:04:52] INFO: GET /api/students/02590459-302f-4d2a-8dd1-105e42bdcab4/notifications {"service":"igtihad-api","method":"GET","url":"/api/students/02590459-302f-4d2a-8dd1-105e42bdcab4/notifications","status":304,"duration":"3ms"}
[2026-05-04 05:04:52] INFO: GET /api/students/02590459-302f-4d2a-8dd1-105e42bdcab4/progress {"service":"igtihad-api","method":"GET","url":"/api/students/02590459-302f-4d2a-8dd1-105e42bdcab4/progress","status":304,"duration":"3ms"}
[2026-05-04 05:04:52] INFO: GET /api/quizzes {"service":"igtihad-api","method":"GET","url":"/api/quizzes","status":304,"duration":"2ms"}
[2026-05-04 05:04:52] INFO: GET /api/quizzes/results/student/02590459-302f-4d2a-8dd1-105e42bdcab4 {"service":"igtihad-api","method":"GET","url":"/api/quizzes/results/student/02590459-302f-4d2a-8dd1-105e42bdcab4","status":304,"duration":"3ms"}
[2026-05-04 05:04:52] INFO: GET /api/students/02590459-302f-4d2a-8dd1-105e42bdcab4/enrollments {"service":"igtihad-api","method":"GET","url":"/api/students/02590459-302f-4d2a-8dd1-105e42bdcab4/enrollments","status":304,"duration":"3ms"}
[2026-05-04 05:04:52] INFO: GET /api/students/02590459-302f-4d2a-8dd1-105e42bdcab4/notifications {"service":"igtihad-api","method":"GET","url":"/api/students/02590459-302f-4d2a-8dd1-105e42bdcab4/notifications","status":304,"duration":"3ms"}
[2026-05-04 05:04:52] INFO: GET /api/students/02590459-302f-4d2a-8dd1-105e42bdcab4/progress {"service":"igtihad-api","method":"GET","url":"/api/students/02590459-302f-4d2a-8dd1-105e42bdcab4/progress","status":304,"duration":"2ms"}
[2026-05-04 05:04:52] INFO: GET /api/quizzes {"service":"igtihad-api","method":"GET","url":"/api/quizzes","status":304,"duration":"2ms"}
[2026-05-04 05:04:52] INFO: GET /api/quizzes/results/student/02590459-302f-4d2a-8dd1-105e42bdcab4 {"service":"igtihad-api","method":"GET","url":"/api/quizzes/results/student/02590459-302f-4d2a-8dd1-105e42bdcab4","status":304,"duration":"3ms"}
[2026-05-04 05:05:10] INFO: GET /api/auth/me {"service":"igtihad-api","method":"GET","url":"/api/auth/me","status":304,"duration":"2ms"}
[2026-05-04 05:05:10] INFO: GET /api/courses/1/curriculum {"service":"igtihad-api","method":"GET","url":"/api/courses/1/curriculum","status":304,"duration":"3ms"}
[2026-05-04 05:05:10] INFO: GET /api/courses/1/curriculum {"service":"igtihad-api","method":"GET","url":"/api/courses/1/curriculum","status":304,"duration":"4ms"}
[2026-05-04 05:05:10] INFO: GET /api/students/02590459-302f-4d2a-8dd1-105e42bdcab4/enrollments/1/check {"service":"igtihad-api","method":"GET","url":"/api/students/02590459-302f-4d2a-8dd1-105e42bdcab4/enrollments/1/check","status":304,"duration":"3ms"}
[2026-05-04 05:05:10] INFO: GET /api/students/02590459-302f-4d2a-8dd1-105e42bdcab4/enrollments/1/check {"service":"igtihad-api","method":"GET","url":"/api/students/02590459-302f-4d2a-8dd1-105e42bdcab4/enrollments/1/check","status":304,"duration":"5ms"}
[2026-05-04 05:05:10] INFO: GET /api/courses/1/reviews {"service":"igtihad-api","method":"GET","url":"/api/courses/1/reviews","status":304,"duration":"3ms"}
[2026-05-04 05:05:10] INFO: GET /api/courses/1/reviews {"service":"igtihad-api","method":"GET","url":"/api/courses/1/reviews","status":304,"duration":"2ms"}
[2026-05-04 05:05:10] INFO: GET /uploads/1777835508816-421701095.png {"service":"igtihad-api","method":"GET","url":"/uploads/1777835508816-421701095.png","status":200,"duration":"7ms"}
[2026-05-04 05:07:09] INFO: GET /api/students/02590459-302f-4d2a-8dd1-105e42bdcab4/enrollments {"service":"igtihad-api","method":"GET","url":"/api/students/02590459-302f-4d2a-8dd1-105e42bdcab4/enrollments","status":304,"duration":"4ms"}
[2026-05-04 05:07:09] INFO: GET /api/students/02590459-302f-4d2a-8dd1-105e42bdcab4/notifications {"service":"igtihad-api","method":"GET","url":"/api/students/02590459-302f-4d2a-8dd1-105e42bdcab4/notifications","status":304,"duration":"3ms"}
[2026-05-04 05:07:09] INFO: GET /api/students/02590459-302f-4d2a-8dd1-105e42bdcab4/progress {"service":"igtihad-api","method":"GET","url":"/api/students/02590459-302f-4d2a-8dd1-105e42bdcab4/progress","status":304,"duration":"3ms"}
[2026-05-04 05:07:09] INFO: GET /api/students/02590459-302f-4d2a-8dd1-105e42bdcab4/enrollments {"service":"igtihad-api","method":"GET","url":"/api/students/02590459-302f-4d2a-8dd1-105e42bdcab4/enrollments","status":304,"duration":"5ms"}
[2026-05-04 05:07:09] INFO: GET /api/students/02590459-302f-4d2a-8dd1-105e42bdcab4/notifications {"service":"igtihad-api","method":"GET","url":"/api/students/02590459-302f-4d2a-8dd1-105e42bdcab4/notifications","status":304,"duration":"5ms"}
[2026-05-04 05:07:09] INFO: GET /api/students/02590459-302f-4d2a-8dd1-105e42bdcab4/progress {"service":"igtihad-api","method":"GET","url":"/api/students/02590459-302f-4d2a-8dd1-105e42bdcab4/progress","status":304,"duration":"4ms"}
[2026-05-04 05:07:09] INFO: GET /api/quizzes/results/student/02590459-302f-4d2a-8dd1-105e42bdcab4 {"service":"igtihad-api","method":"GET","url":"/api/quizzes/results/student/02590459-302f-4d2a-8dd1-105e42bdcab4","status":304,"duration":"5ms"}
[2026-05-04 05:07:09] INFO: GET /api/quizzes {"service":"igtihad-api","method":"GET","url":"/api/quizzes","status":304,"duration":"13ms"}
[2026-05-04 05:07:09] INFO: GET /api/quizzes/results/student/02590459-302f-4d2a-8dd1-105e42bdcab4 {"service":"igtihad-api","method":"GET","url":"/api/quizzes/results/student/02590459-302f-4d2a-8dd1-105e42bdcab4","status":304,"duration":"2ms"}
[2026-05-04 05:07:09] INFO: GET /api/quizzes {"service":"igtihad-api","method":"GET","url":"/api/quizzes","status":304,"duration":"5ms"}
[2026-05-04 05:07:12] INFO: GET /api/courses/1/curriculum {"service":"igtihad-api","method":"GET","url":"/api/courses/1/curriculum","status":304,"duration":"4ms"}
[2026-05-04 05:07:12] INFO: GET /api/students/02590459-302f-4d2a-8dd1-105e42bdcab4/enrollments/1/check {"service":"igtihad-api","method":"GET","url":"/api/students/02590459-302f-4d2a-8dd1-105e42bdcab4/enrollments/1/check","status":304,"duration":"5ms"}
[2026-05-04 05:07:12] INFO: GET /api/courses/1/reviews {"service":"igtihad-api","method":"GET","url":"/api/courses/1/reviews","status":304,"duration":"4ms"}
[2026-05-04 05:07:12] INFO: GET /api/courses/1/reviews {"service":"igtihad-api","method":"GET","url":"/api/courses/1/reviews","status":304,"duration":"1ms"}
[2026-05-04 05:07:12] INFO: GET /api/students/02590459-302f-4d2a-8dd1-105e42bdcab4/enrollments/1/check {"service":"igtihad-api","method":"GET","url":"/api/students/02590459-302f-4d2a-8dd1-105e42bdcab4/enrollments/1/check","status":304,"duration":"5ms"}
[2026-05-04 05:07:12] INFO: GET /api/courses/1/curriculum {"service":"igtihad-api","method":"GET","url":"/api/courses/1/curriculum","status":304,"duration":"13ms"}
[2026-05-04 05:07:57] INFO: GET /api/students/02590459-302f-4d2a-8dd1-105e42bdcab4/enrollments {"service":"igtihad-api","method":"GET","url":"/api/students/02590459-302f-4d2a-8dd1-105e42bdcab4/enrollments","status":304,"duration":"2ms"}
[2026-05-04 05:07:57] INFO: GET /api/students/02590459-302f-4d2a-8dd1-105e42bdcab4/enrollments {"service":"igtihad-api","method":"GET","url":"/api/students/02590459-302f-4d2a-8dd1-105e42bdcab4/enrollments","status":304,"duration":"3ms"}
[2026-05-04 05:07:57] INFO: GET /api/students/02590459-302f-4d2a-8dd1-105e42bdcab4/notifications {"service":"igtihad-api","method":"GET","url":"/api/students/02590459-302f-4d2a-8dd1-105e42bdcab4/notifications","status":304,"duration":"4ms"}
[2026-05-04 05:07:57] INFO: GET /api/students/02590459-302f-4d2a-8dd1-105e42bdcab4/progress {"service":"igtihad-api","method":"GET","url":"/api/students/02590459-302f-4d2a-8dd1-105e42bdcab4/progress","status":304,"duration":"4ms"}
[2026-05-04 05:07:57] INFO: GET /api/quizzes {"service":"igtihad-api","method":"GET","url":"/api/quizzes","status":304,"duration":"5ms"}
[2026-05-04 05:07:57] INFO: GET /api/quizzes/results/student/02590459-302f-4d2a-8dd1-105e42bdcab4 {"service":"igtihad-api","method":"GET","url":"/api/quizzes/results/student/02590459-302f-4d2a-8dd1-105e42bdcab4","status":304,"duration":"7ms"}
[2026-05-04 05:07:57] INFO: GET /api/students/02590459-302f-4d2a-8dd1-105e42bdcab4/notifications {"service":"igtihad-api","method":"GET","url":"/api/students/02590459-302f-4d2a-8dd1-105e42bdcab4/notifications","status":304,"duration":"10ms"}
[2026-05-04 05:07:57] INFO: GET /api/students/02590459-302f-4d2a-8dd1-105e42bdcab4/progress {"service":"igtihad-api","method":"GET","url":"/api/students/02590459-302f-4d2a-8dd1-105e42bdcab4/progress","status":304,"duration":"8ms"}
[2026-05-04 05:07:57] INFO: GET /api/quizzes {"service":"igtihad-api","method":"GET","url":"/api/quizzes","status":304,"duration":"8ms"}
[2026-05-04 05:07:57] INFO: GET /api/quizzes/results/student/02590459-302f-4d2a-8dd1-105e42bdcab4 {"service":"igtihad-api","method":"GET","url":"/api/quizzes/results/student/02590459-302f-4d2a-8dd1-105e42bdcab4","status":304,"duration":"9ms"}
[2026-05-04 05:09:09] INFO: GET /api/students/02590459-302f-4d2a-8dd1-105e42bdcab4/wallet {"service":"igtihad-api","method":"GET","url":"/api/students/02590459-302f-4d2a-8dd1-105e42bdcab4/wallet","status":304,"duration":"2ms"}
[2026-05-04 05:09:21] INFO: GET /api/students/02590459-302f-4d2a-8dd1-105e42bdcab4/enrollments {"service":"igtihad-api","method":"GET","url":"/api/students/02590459-302f-4d2a-8dd1-105e42bdcab4/enrollments","status":304,"duration":"1ms"}
[2026-05-04 05:09:21] INFO: GET /api/students/02590459-302f-4d2a-8dd1-105e42bdcab4/progress {"service":"igtihad-api","method":"GET","url":"/api/students/02590459-302f-4d2a-8dd1-105e42bdcab4/progress","status":304,"duration":"2ms"}
[2026-05-04 05:09:21] INFO: GET /api/quizzes {"service":"igtihad-api","method":"GET","url":"/api/quizzes","status":304,"duration":"2ms"}
[2026-05-04 05:09:21] INFO: GET /api/quizzes/results/student/02590459-302f-4d2a-8dd1-105e42bdcab4 {"service":"igtihad-api","method":"GET","url":"/api/quizzes/results/student/02590459-302f-4d2a-8dd1-105e42bdcab4","status":304,"duration":"1ms"}
[2026-05-04 05:09:21] INFO: GET /api/students/02590459-302f-4d2a-8dd1-105e42bdcab4/enrollments {"service":"igtihad-api","method":"GET","url":"/api/students/02590459-302f-4d2a-8dd1-105e42bdcab4/enrollments","status":304,"duration":"3ms"}
[2026-05-04 05:09:21] INFO: GET /api/students/02590459-302f-4d2a-8dd1-105e42bdcab4/progress {"service":"igtihad-api","method":"GET","url":"/api/students/02590459-302f-4d2a-8dd1-105e42bdcab4/progress","status":304,"duration":"4ms"}
[2026-05-04 05:09:21] INFO: GET /api/quizzes {"service":"igtihad-api","method":"GET","url":"/api/quizzes","status":304,"duration":"6ms"}
[2026-05-04 05:09:21] INFO: GET /api/quizzes/results/student/02590459-302f-4d2a-8dd1-105e42bdcab4 {"service":"igtihad-api","method":"GET","url":"/api/quizzes/results/student/02590459-302f-4d2a-8dd1-105e42bdcab4","status":304,"duration":"3ms"}
[2026-05-04 05:09:22] INFO: GET /api/students/02590459-302f-4d2a-8dd1-105e42bdcab4/enrollments {"service":"igtihad-api","method":"GET","url":"/api/students/02590459-302f-4d2a-8dd1-105e42bdcab4/enrollments","status":304,"duration":"3ms"}
[2026-05-04 05:09:22] INFO: GET /api/students/02590459-302f-4d2a-8dd1-105e42bdcab4/enrollments {"service":"igtihad-api","method":"GET","url":"/api/students/02590459-302f-4d2a-8dd1-105e42bdcab4/enrollments","status":304,"duration":"3ms"}
[2026-05-04 05:09:22] INFO: GET /api/students/02590459-302f-4d2a-8dd1-105e42bdcab4/progress-by-course {"service":"igtihad-api","method":"GET","url":"/api/students/02590459-302f-4d2a-8dd1-105e42bdcab4/progress-by-course","status":304,"duration":"1ms"}
[2026-05-04 05:09:22] INFO: GET /api/students/02590459-302f-4d2a-8dd1-105e42bdcab4/progress-by-course {"service":"igtihad-api","method":"GET","url":"/api/students/02590459-302f-4d2a-8dd1-105e42bdcab4/progress-by-course","status":304,"duration":"2ms"}
[2026-05-04 05:09:23] INFO: GET /api/students/02590459-302f-4d2a-8dd1-105e42bdcab4/wallet {"service":"igtihad-api","method":"GET","url":"/api/students/02590459-302f-4d2a-8dd1-105e42bdcab4/wallet","status":304,"duration":"2ms"}
[2026-05-04 05:10:06] INFO: GET /api/students/02590459-302f-4d2a-8dd1-105e42bdcab4/enrollments {"service":"igtihad-api","method":"GET","url":"/api/students/02590459-302f-4d2a-8dd1-105e42bdcab4/enrollments","status":304,"duration":"2ms"}
[2026-05-04 05:10:06] INFO: GET /api/students/02590459-302f-4d2a-8dd1-105e42bdcab4/enrollments {"service":"igtihad-api","method":"GET","url":"/api/students/02590459-302f-4d2a-8dd1-105e42bdcab4/enrollments","status":304,"duration":"3ms"}
[2026-05-04 05:10:06] INFO: GET /api/students/02590459-302f-4d2a-8dd1-105e42bdcab4/progress-by-course {"service":"igtihad-api","method":"GET","url":"/api/students/02590459-302f-4d2a-8dd1-105e42bdcab4/progress-by-course","status":304,"duration":"8ms"}
[2026-05-04 05:10:06] INFO: GET /api/students/02590459-302f-4d2a-8dd1-105e42bdcab4/progress-by-course {"service":"igtihad-api","method":"GET","url":"/api/students/02590459-302f-4d2a-8dd1-105e42bdcab4/progress-by-course","status":304,"duration":"5ms"}
[2026-05-04 05:10:07] INFO: GET /api/students/02590459-302f-4d2a-8dd1-105e42bdcab4/enrollments {"service":"igtihad-api","method":"GET","url":"/api/students/02590459-302f-4d2a-8dd1-105e42bdcab4/enrollments","status":304,"duration":"3ms"}
[2026-05-04 05:10:07] INFO: GET /api/students/02590459-302f-4d2a-8dd1-105e42bdcab4/enrollments {"service":"igtihad-api","method":"GET","url":"/api/students/02590459-302f-4d2a-8dd1-105e42bdcab4/enrollments","status":304,"duration":"3ms"}
[2026-05-04 05:10:07] INFO: GET /api/students/02590459-302f-4d2a-8dd1-105e42bdcab4/progress {"service":"igtihad-api","method":"GET","url":"/api/students/02590459-302f-4d2a-8dd1-105e42bdcab4/progress","status":304,"duration":"2ms"}
[2026-05-04 05:10:07] INFO: GET /api/students/02590459-302f-4d2a-8dd1-105e42bdcab4/progress {"service":"igtihad-api","method":"GET","url":"/api/students/02590459-302f-4d2a-8dd1-105e42bdcab4/progress","status":304,"duration":"4ms"}
[2026-05-04 05:10:07] INFO: GET /api/quizzes {"service":"igtihad-api","method":"GET","url":"/api/quizzes","status":304,"duration":"5ms"}
[2026-05-04 05:10:07] INFO: GET /api/quizzes {"service":"igtihad-api","method":"GET","url":"/api/quizzes","status":304,"duration":"2ms"}
[2026-05-04 05:10:07] INFO: GET /api/quizzes/results/student/02590459-302f-4d2a-8dd1-105e42bdcab4 {"service":"igtihad-api","method":"GET","url":"/api/quizzes/results/student/02590459-302f-4d2a-8dd1-105e42bdcab4","status":304,"duration":"5ms"}
[2026-05-04 05:10:07] INFO: GET /api/quizzes/results/student/02590459-302f-4d2a-8dd1-105e42bdcab4 {"service":"igtihad-api","method":"GET","url":"/api/quizzes/results/student/02590459-302f-4d2a-8dd1-105e42bdcab4","status":304,"duration":"3ms"}
[2026-05-04 05:10:09] INFO: GET /api/students/02590459-302f-4d2a-8dd1-105e42bdcab4/progress {"service":"igtihad-api","method":"GET","url":"/api/students/02590459-302f-4d2a-8dd1-105e42bdcab4/progress","status":304,"duration":"4ms"}
[2026-05-04 05:10:09] INFO: GET /api/students/02590459-302f-4d2a-8dd1-105e42bdcab4/progress {"service":"igtihad-api","method":"GET","url":"/api/students/02590459-302f-4d2a-8dd1-105e42bdcab4/progress","status":304,"duration":"4ms"}
[2026-05-04 05:10:09] INFO: GET /api/courses/lessons/1/context {"service":"igtihad-api","method":"GET","url":"/api/courses/lessons/1/context","status":304,"duration":"5ms"}
[2026-05-04 05:10:09] INFO: GET /api/students/qa/lesson/1 {"service":"igtihad-api","method":"GET","url":"/api/students/qa/lesson/1","status":304,"duration":"2ms"}
[2026-05-04 05:10:09] INFO: GET /api/courses/lessons/1/context {"service":"igtihad-api","method":"GET","url":"/api/courses/lessons/1/context","status":304,"duration":"7ms"}
[2026-05-04 05:10:09] INFO: GET /api/students/qa/lesson/1 {"service":"igtihad-api","method":"GET","url":"/api/students/qa/lesson/1","status":304,"duration":"3ms"}
[2026-05-04 05:10:09] INFO: GET /api/students/qa/lesson/1 {"service":"igtihad-api","method":"GET","url":"/api/students/qa/lesson/1","status":304,"duration":"2ms"}
[2026-05-04 05:10:18] INFO: GET /api/students/02590459-302f-4d2a-8dd1-105e42bdcab4/enrollments {"service":"igtihad-api","method":"GET","url":"/api/students/02590459-302f-4d2a-8dd1-105e42bdcab4/enrollments","status":304,"duration":"4ms"}
[2026-05-04 05:10:18] INFO: GET /api/students/02590459-302f-4d2a-8dd1-105e42bdcab4/progress {"service":"igtihad-api","method":"GET","url":"/api/students/02590459-302f-4d2a-8dd1-105e42bdcab4/progress","status":304,"duration":"3ms"}
[2026-05-04 05:10:18] INFO: GET /api/students/02590459-302f-4d2a-8dd1-105e42bdcab4/enrollments {"service":"igtihad-api","method":"GET","url":"/api/students/02590459-302f-4d2a-8dd1-105e42bdcab4/enrollments","status":304,"duration":"5ms"}
[2026-05-04 05:10:18] INFO: GET /api/students/02590459-302f-4d2a-8dd1-105e42bdcab4/progress {"service":"igtihad-api","method":"GET","url":"/api/students/02590459-302f-4d2a-8dd1-105e42bdcab4/progress","status":304,"duration":"4ms"}
[2026-05-04 05:10:18] INFO: GET /api/quizzes {"service":"igtihad-api","method":"GET","url":"/api/quizzes","status":304,"duration":"7ms"}
[2026-05-04 05:10:18] INFO: GET /api/quizzes/results/student/02590459-302f-4d2a-8dd1-105e42bdcab4 {"service":"igtihad-api","method":"GET","url":"/api/quizzes/results/student/02590459-302f-4d2a-8dd1-105e42bdcab4","status":304,"duration":"6ms"}
[2026-05-04 05:10:18] INFO: GET /api/quizzes {"service":"igtihad-api","method":"GET","url":"/api/quizzes","status":304,"duration":"5ms"}
[2026-05-04 05:10:18] INFO: GET /api/quizzes/results/student/02590459-302f-4d2a-8dd1-105e42bdcab4 {"service":"igtihad-api","method":"GET","url":"/api/quizzes/results/student/02590459-302f-4d2a-8dd1-105e42bdcab4","status":304,"duration":"4ms"}
[2026-05-04 05:10:20] INFO: GET /api/students/02590459-302f-4d2a-8dd1-105e42bdcab4/enrollments {"service":"igtihad-api","method":"GET","url":"/api/students/02590459-302f-4d2a-8dd1-105e42bdcab4/enrollments","status":304,"duration":"2ms"}
[2026-05-04 05:10:20] INFO: GET /api/students/02590459-302f-4d2a-8dd1-105e42bdcab4/enrollments {"service":"igtihad-api","method":"GET","url":"/api/students/02590459-302f-4d2a-8dd1-105e42bdcab4/enrollments","status":304,"duration":"4ms"}
[2026-05-04 05:10:20] INFO: GET /api/students/02590459-302f-4d2a-8dd1-105e42bdcab4/progress-by-course {"service":"igtihad-api","method":"GET","url":"/api/students/02590459-302f-4d2a-8dd1-105e42bdcab4/progress-by-course","status":304,"duration":"4ms"}
[2026-05-04 05:10:20] INFO: GET /api/students/02590459-302f-4d2a-8dd1-105e42bdcab4/progress-by-course {"service":"igtihad-api","method":"GET","url":"/api/students/02590459-302f-4d2a-8dd1-105e42bdcab4/progress-by-course","status":304,"duration":"5ms"}
[2026-05-04 05:10:21] INFO: GET /api/students/02590459-302f-4d2a-8dd1-105e42bdcab4/wallet {"service":"igtihad-api","method":"GET","url":"/api/students/02590459-302f-4d2a-8dd1-105e42bdcab4/wallet","status":304,"duration":"4ms"}
[2026-05-04 05:10:23] INFO: GET /api/students/02590459-302f-4d2a-8dd1-105e42bdcab4/wallet {"service":"igtihad-api","method":"GET","url":"/api/students/02590459-302f-4d2a-8dd1-105e42bdcab4/wallet","status":304,"duration":"2ms"}
[2026-05-04 05:10:24] INFO: GET /api/students/02590459-302f-4d2a-8dd1-105e42bdcab4/enrollments {"service":"igtihad-api","method":"GET","url":"/api/students/02590459-302f-4d2a-8dd1-105e42bdcab4/enrollments","status":304,"duration":"3ms"}
[2026-05-04 05:10:24] INFO: GET /api/students/02590459-302f-4d2a-8dd1-105e42bdcab4/enrollments {"service":"igtihad-api","method":"GET","url":"/api/students/02590459-302f-4d2a-8dd1-105e42bdcab4/enrollments","status":304,"duration":"8ms"}
[2026-05-04 05:10:24] INFO: GET /api/students/02590459-302f-4d2a-8dd1-105e42bdcab4/progress-by-course {"service":"igtihad-api","method":"GET","url":"/api/students/02590459-302f-4d2a-8dd1-105e42bdcab4/progress-by-course","status":304,"duration":"11ms"}
[2026-05-04 05:10:24] INFO: GET /api/students/02590459-302f-4d2a-8dd1-105e42bdcab4/progress-by-course {"service":"igtihad-api","method":"GET","url":"/api/students/02590459-302f-4d2a-8dd1-105e42bdcab4/progress-by-course","status":304,"duration":"4ms"}
[2026-05-04 05:10:40] INFO: GET /api/students/02590459-302f-4d2a-8dd1-105e42bdcab4/enrollments {"service":"igtihad-api","method":"GET","url":"/api/students/02590459-302f-4d2a-8dd1-105e42bdcab4/enrollments","status":304,"duration":"4ms"}
[2026-05-04 05:10:40] INFO: GET /api/students/02590459-302f-4d2a-8dd1-105e42bdcab4/progress {"service":"igtihad-api","method":"GET","url":"/api/students/02590459-302f-4d2a-8dd1-105e42bdcab4/progress","status":304,"duration":"8ms"}
[2026-05-04 05:10:40] INFO: GET /api/quizzes {"service":"igtihad-api","method":"GET","url":"/api/quizzes","status":304,"duration":"6ms"}
[2026-05-04 05:10:40] INFO: GET /api/students/02590459-302f-4d2a-8dd1-105e42bdcab4/enrollments {"service":"igtihad-api","method":"GET","url":"/api/students/02590459-302f-4d2a-8dd1-105e42bdcab4/enrollments","status":304,"duration":"6ms"}
[2026-05-04 05:10:40] INFO: GET /api/quizzes/results/student/02590459-302f-4d2a-8dd1-105e42bdcab4 {"service":"igtihad-api","method":"GET","url":"/api/quizzes/results/student/02590459-302f-4d2a-8dd1-105e42bdcab4","status":304,"duration":"6ms"}
[2026-05-04 05:10:40] INFO: GET /api/students/02590459-302f-4d2a-8dd1-105e42bdcab4/progress {"service":"igtihad-api","method":"GET","url":"/api/students/02590459-302f-4d2a-8dd1-105e42bdcab4/progress","status":304,"duration":"7ms"}
[2026-05-04 05:10:40] INFO: GET /api/quizzes {"service":"igtihad-api","method":"GET","url":"/api/quizzes","status":304,"duration":"7ms"}
[2026-05-04 05:10:40] INFO: GET /api/quizzes/results/student/02590459-302f-4d2a-8dd1-105e42bdcab4 {"service":"igtihad-api","method":"GET","url":"/api/quizzes/results/student/02590459-302f-4d2a-8dd1-105e42bdcab4","status":304,"duration":"8ms"}
[2026-05-04 05:11:56] INFO: GET /api/students/02590459-302f-4d2a-8dd1-105e42bdcab4/enrollments {"service":"igtihad-api","method":"GET","url":"/api/students/02590459-302f-4d2a-8dd1-105e42bdcab4/enrollments","status":304,"duration":"2ms"}
[2026-05-04 05:11:56] INFO: GET /api/students/02590459-302f-4d2a-8dd1-105e42bdcab4/progress {"service":"igtihad-api","method":"GET","url":"/api/students/02590459-302f-4d2a-8dd1-105e42bdcab4/progress","status":304,"duration":"2ms"}
[2026-05-04 05:11:56] INFO: GET /api/students/02590459-302f-4d2a-8dd1-105e42bdcab4/enrollments {"service":"igtihad-api","method":"GET","url":"/api/students/02590459-302f-4d2a-8dd1-105e42bdcab4/enrollments","status":304,"duration":"2ms"}
[2026-05-04 05:11:56] INFO: GET /api/students/02590459-302f-4d2a-8dd1-105e42bdcab4/progress {"service":"igtihad-api","method":"GET","url":"/api/students/02590459-302f-4d2a-8dd1-105e42bdcab4/progress","status":304,"duration":"3ms"}
[2026-05-04 05:12:14] INFO: GET /api/students/02590459-302f-4d2a-8dd1-105e42bdcab4/enrollments {"service":"igtihad-api","method":"GET","url":"/api/students/02590459-302f-4d2a-8dd1-105e42bdcab4/enrollments","status":304,"duration":"2ms"}
[2026-05-04 05:12:14] INFO: GET /api/students/02590459-302f-4d2a-8dd1-105e42bdcab4/enrollments {"service":"igtihad-api","method":"GET","url":"/api/students/02590459-302f-4d2a-8dd1-105e42bdcab4/enrollments","status":304,"duration":"2ms"}
[2026-05-04 05:12:14] INFO: GET /api/students/02590459-302f-4d2a-8dd1-105e42bdcab4/progress {"service":"igtihad-api","method":"GET","url":"/api/students/02590459-302f-4d2a-8dd1-105e42bdcab4/progress","status":304,"duration":"2ms"}
[2026-05-04 05:12:14] INFO: GET /api/students/02590459-302f-4d2a-8dd1-105e42bdcab4/progress-by-course {"service":"igtihad-api","method":"GET","url":"/api/students/02590459-302f-4d2a-8dd1-105e42bdcab4/progress-by-course","status":304,"duration":"3ms"}
[2026-05-04 05:12:14] INFO: GET /api/students/02590459-302f-4d2a-8dd1-105e42bdcab4/progress {"service":"igtihad-api","method":"GET","url":"/api/students/02590459-302f-4d2a-8dd1-105e42bdcab4/progress","status":304,"duration":"1ms"}
[2026-05-04 05:12:14] INFO: GET /api/quizzes {"service":"igtihad-api","method":"GET","url":"/api/quizzes","status":304,"duration":"1ms"}
[2026-05-04 05:12:14] INFO: GET /api/quizzes/results/student/02590459-302f-4d2a-8dd1-105e42bdcab4 {"service":"igtihad-api","method":"GET","url":"/api/quizzes/results/student/02590459-302f-4d2a-8dd1-105e42bdcab4","status":304,"duration":"2ms"}
[2026-05-04 05:12:14] INFO: GET /api/students/02590459-302f-4d2a-8dd1-105e42bdcab4/progress-by-course {"service":"igtihad-api","method":"GET","url":"/api/students/02590459-302f-4d2a-8dd1-105e42bdcab4/progress-by-course","status":304,"duration":"2ms"}
[2026-05-04 05:12:14] INFO: GET /api/quizzes {"service":"igtihad-api","method":"GET","url":"/api/quizzes","status":304,"duration":"1ms"}
[2026-05-04 05:12:14] INFO: GET /api/quizzes/results/student/02590459-302f-4d2a-8dd1-105e42bdcab4 {"service":"igtihad-api","method":"GET","url":"/api/quizzes/results/student/02590459-302f-4d2a-8dd1-105e42bdcab4","status":304,"duration":"2ms"}
[2026-05-04 05:12:22] INFO: GET /api/students/02590459-302f-4d2a-8dd1-105e42bdcab4/wallet {"service":"igtihad-api","method":"GET","url":"/api/students/02590459-302f-4d2a-8dd1-105e42bdcab4/wallet","status":304,"duration":"3ms"}
[2026-05-04 05:12:23] INFO: GET /api/students/02590459-302f-4d2a-8dd1-105e42bdcab4/enrollments {"service":"igtihad-api","method":"GET","url":"/api/students/02590459-302f-4d2a-8dd1-105e42bdcab4/enrollments","status":304,"duration":"3ms"}
[2026-05-04 05:12:23] INFO: GET /api/students/02590459-302f-4d2a-8dd1-105e42bdcab4/progress-by-course {"service":"igtihad-api","method":"GET","url":"/api/students/02590459-302f-4d2a-8dd1-105e42bdcab4/progress-by-course","status":304,"duration":"5ms"}
[2026-05-04 05:12:23] INFO: GET /api/students/02590459-302f-4d2a-8dd1-105e42bdcab4/enrollments {"service":"igtihad-api","method":"GET","url":"/api/students/02590459-302f-4d2a-8dd1-105e42bdcab4/enrollments","status":304,"duration":"4ms"}
[2026-05-04 05:12:23] INFO: GET /api/students/02590459-302f-4d2a-8dd1-105e42bdcab4/progress-by-course {"service":"igtihad-api","method":"GET","url":"/api/students/02590459-302f-4d2a-8dd1-105e42bdcab4/progress-by-course","status":304,"duration":"7ms"}
[2026-05-04 05:12:25] INFO: GET /api/students/02590459-302f-4d2a-8dd1-105e42bdcab4/enrollments {"service":"igtihad-api","method":"GET","url":"/api/students/02590459-302f-4d2a-8dd1-105e42bdcab4/enrollments","status":304,"duration":"2ms"}
[2026-05-04 05:12:25] INFO: GET /api/students/02590459-302f-4d2a-8dd1-105e42bdcab4/enrollments {"service":"igtihad-api","method":"GET","url":"/api/students/02590459-302f-4d2a-8dd1-105e42bdcab4/enrollments","status":304,"duration":"2ms"}
[2026-05-04 05:12:26] INFO: GET /api/students/02590459-302f-4d2a-8dd1-105e42bdcab4/progress {"service":"igtihad-api","method":"GET","url":"/api/students/02590459-302f-4d2a-8dd1-105e42bdcab4/progress","status":304,"duration":"3ms"}
[2026-05-04 05:12:26] INFO: GET /api/students/02590459-302f-4d2a-8dd1-105e42bdcab4/progress {"service":"igtihad-api","method":"GET","url":"/api/students/02590459-302f-4d2a-8dd1-105e42bdcab4/progress","status":304,"duration":"2ms"}
[2026-05-04 05:12:26] INFO: GET /api/students/02590459-302f-4d2a-8dd1-105e42bdcab4/progress-by-course {"service":"igtihad-api","method":"GET","url":"/api/students/02590459-302f-4d2a-8dd1-105e42bdcab4/progress-by-course","status":304,"duration":"12ms"}
[2026-05-04 05:12:26] INFO: GET /api/students/02590459-302f-4d2a-8dd1-105e42bdcab4/progress-by-course {"service":"igtihad-api","method":"GET","url":"/api/students/02590459-302f-4d2a-8dd1-105e42bdcab4/progress-by-course","status":304,"duration":"6ms"}
[2026-05-04 05:12:26] INFO: GET /api/quizzes {"service":"igtihad-api","method":"GET","url":"/api/quizzes","status":304,"duration":"2ms"}
[2026-05-04 05:12:26] INFO: GET /api/quizzes {"service":"igtihad-api","method":"GET","url":"/api/quizzes","status":304,"duration":"2ms"}
[2026-05-04 05:12:26] INFO: GET /api/quizzes/results/student/02590459-302f-4d2a-8dd1-105e42bdcab4 {"service":"igtihad-api","method":"GET","url":"/api/quizzes/results/student/02590459-302f-4d2a-8dd1-105e42bdcab4","status":304,"duration":"3ms"}
[2026-05-04 05:12:26] INFO: GET /api/quizzes/results/student/02590459-302f-4d2a-8dd1-105e42bdcab4 {"service":"igtihad-api","method":"GET","url":"/api/quizzes/results/student/02590459-302f-4d2a-8dd1-105e42bdcab4","status":304,"duration":"3ms"}
[2026-05-04 05:12:26] INFO: GET /api/students/02590459-302f-4d2a-8dd1-105e42bdcab4/enrollments {"service":"igtihad-api","method":"GET","url":"/api/students/02590459-302f-4d2a-8dd1-105e42bdcab4/enrollments","status":304,"duration":"2ms"}
[2026-05-04 05:12:26] INFO: GET /api/students/02590459-302f-4d2a-8dd1-105e42bdcab4/enrollments {"service":"igtihad-api","method":"GET","url":"/api/students/02590459-302f-4d2a-8dd1-105e42bdcab4/enrollments","status":304,"duration":"3ms"}
[2026-05-04 05:12:26] INFO: GET /api/students/02590459-302f-4d2a-8dd1-105e42bdcab4/progress {"service":"igtihad-api","method":"GET","url":"/api/students/02590459-302f-4d2a-8dd1-105e42bdcab4/progress","status":304,"duration":"3ms"}
[2026-05-04 05:12:26] INFO: GET /api/students/02590459-302f-4d2a-8dd1-105e42bdcab4/progress {"service":"igtihad-api","method":"GET","url":"/api/students/02590459-302f-4d2a-8dd1-105e42bdcab4/progress","status":304,"duration":"2ms"}
[2026-05-04 05:12:26] INFO: GET /api/students/02590459-302f-4d2a-8dd1-105e42bdcab4/progress-by-course {"service":"igtihad-api","method":"GET","url":"/api/students/02590459-302f-4d2a-8dd1-105e42bdcab4/progress-by-course","status":304,"duration":"7ms"}
[2026-05-04 05:12:26] INFO: GET /api/students/02590459-302f-4d2a-8dd1-105e42bdcab4/progress-by-course {"service":"igtihad-api","method":"GET","url":"/api/students/02590459-302f-4d2a-8dd1-105e42bdcab4/progress-by-course","status":304,"duration":"3ms"}
[2026-05-04 05:12:26] INFO: GET /api/quizzes {"service":"igtihad-api","method":"GET","url":"/api/quizzes","status":304,"duration":"2ms"}
[2026-05-04 05:12:26] INFO: GET /api/quizzes {"service":"igtihad-api","method":"GET","url":"/api/quizzes","status":304,"duration":"3ms"}
[2026-05-04 05:12:26] INFO: GET /api/quizzes/results/student/02590459-302f-4d2a-8dd1-105e42bdcab4 {"service":"igtihad-api","method":"GET","url":"/api/quizzes/results/student/02590459-302f-4d2a-8dd1-105e42bdcab4","status":304,"duration":"3ms"}
[2026-05-04 05:12:26] INFO: GET /api/quizzes/results/student/02590459-302f-4d2a-8dd1-105e42bdcab4 {"service":"igtihad-api","method":"GET","url":"/api/quizzes/results/student/02590459-302f-4d2a-8dd1-105e42bdcab4","status":304,"duration":"3ms"}
[2026-05-04 05:12:26] INFO: GET /uploads/1777835508816-421701095.png {"service":"igtihad-api","method":"GET","url":"/uploads/1777835508816-421701095.png","status":304,"duration":"2ms"}
[2026-05-04 05:12:30] INFO: GET /api/students/02590459-302f-4d2a-8dd1-105e42bdcab4/progress {"service":"igtihad-api","method":"GET","url":"/api/students/02590459-302f-4d2a-8dd1-105e42bdcab4/progress","status":304,"duration":"2ms"}
[2026-05-04 05:12:30] INFO: GET /api/students/02590459-302f-4d2a-8dd1-105e42bdcab4/progress {"service":"igtihad-api","method":"GET","url":"/api/students/02590459-302f-4d2a-8dd1-105e42bdcab4/progress","status":304,"duration":"5ms"}
[2026-05-04 05:12:30] INFO: GET /api/students/qa/lesson/1 {"service":"igtihad-api","method":"GET","url":"/api/students/qa/lesson/1","status":304,"duration":"3ms"}
[2026-05-04 05:12:30] INFO: GET /api/courses/lessons/1/context {"service":"igtihad-api","method":"GET","url":"/api/courses/lessons/1/context","status":304,"duration":"10ms"}
[2026-05-04 05:12:30] INFO: GET /api/students/qa/lesson/1 {"service":"igtihad-api","method":"GET","url":"/api/students/qa/lesson/1","status":304,"duration":"6ms"}
[2026-05-04 05:12:30] INFO: GET /api/students/qa/lesson/1 {"service":"igtihad-api","method":"GET","url":"/api/students/qa/lesson/1","status":304,"duration":"2ms"}
[2026-05-04 05:12:30] INFO: GET /api/courses/lessons/1/context {"service":"igtihad-api","method":"GET","url":"/api/courses/lessons/1/context","status":304,"duration":"8ms"}
[2026-05-04 05:12:32] INFO: GET /api/students/02590459-302f-4d2a-8dd1-105e42bdcab4/enrollments {"service":"igtihad-api","method":"GET","url":"/api/students/02590459-302f-4d2a-8dd1-105e42bdcab4/enrollments","status":304,"duration":"4ms"}
[2026-05-04 05:12:32] INFO: GET /api/students/02590459-302f-4d2a-8dd1-105e42bdcab4/enrollments {"service":"igtihad-api","method":"GET","url":"/api/students/02590459-302f-4d2a-8dd1-105e42bdcab4/enrollments","status":304,"duration":"3ms"}
[2026-05-04 05:12:33] INFO: GET /api/students/02590459-302f-4d2a-8dd1-105e42bdcab4/progress-by-course {"service":"igtihad-api","method":"GET","url":"/api/students/02590459-302f-4d2a-8dd1-105e42bdcab4/progress-by-course","status":304,"duration":"14ms"}
[2026-05-04 05:12:33] INFO: GET /api/students/02590459-302f-4d2a-8dd1-105e42bdcab4/progress-by-course {"service":"igtihad-api","method":"GET","url":"/api/students/02590459-302f-4d2a-8dd1-105e42bdcab4/progress-by-course","status":304,"duration":"4ms"}
[2026-05-04 05:12:40] INFO: GET /api/students/02590459-302f-4d2a-8dd1-105e42bdcab4/enrollments {"service":"igtihad-api","method":"GET","url":"/api/students/02590459-302f-4d2a-8dd1-105e42bdcab4/enrollments","status":304,"duration":"3ms"}
[2026-05-04 05:12:40] INFO: GET /api/students/02590459-302f-4d2a-8dd1-105e42bdcab4/enrollments {"service":"igtihad-api","method":"GET","url":"/api/students/02590459-302f-4d2a-8dd1-105e42bdcab4/enrollments","status":304,"duration":"3ms"}
[2026-05-04 05:12:40] INFO: GET /api/students/02590459-302f-4d2a-8dd1-105e42bdcab4/progress-by-course {"service":"igtihad-api","method":"GET","url":"/api/students/02590459-302f-4d2a-8dd1-105e42bdcab4/progress-by-course","status":304,"duration":"3ms"}
[2026-05-04 05:12:40] INFO: GET /api/students/02590459-302f-4d2a-8dd1-105e42bdcab4/progress-by-course {"service":"igtihad-api","method":"GET","url":"/api/students/02590459-302f-4d2a-8dd1-105e42bdcab4/progress-by-course","status":304,"duration":"3ms"}
[2026-05-04 05:12:40] INFO: GET /api/students/02590459-302f-4d2a-8dd1-105e42bdcab4/enrollments {"service":"igtihad-api","method":"GET","url":"/api/students/02590459-302f-4d2a-8dd1-105e42bdcab4/enrollments","status":304,"duration":"2ms"}
[2026-05-04 05:12:40] INFO: GET /api/students/02590459-302f-4d2a-8dd1-105e42bdcab4/enrollments {"service":"igtihad-api","method":"GET","url":"/api/students/02590459-302f-4d2a-8dd1-105e42bdcab4/enrollments","status":304,"duration":"8ms"}
[2026-05-04 05:12:40] INFO: GET /api/students/02590459-302f-4d2a-8dd1-105e42bdcab4/progress {"service":"igtihad-api","method":"GET","url":"/api/students/02590459-302f-4d2a-8dd1-105e42bdcab4/progress","status":304,"duration":"2ms"}
[2026-05-04 05:12:40] INFO: GET /api/students/02590459-302f-4d2a-8dd1-105e42bdcab4/progress-by-course {"service":"igtihad-api","method":"GET","url":"/api/students/02590459-302f-4d2a-8dd1-105e42bdcab4/progress-by-course","status":304,"duration":"11ms"}
[2026-05-04 05:12:40] INFO: GET /api/students/02590459-302f-4d2a-8dd1-105e42bdcab4/progress {"service":"igtihad-api","method":"GET","url":"/api/students/02590459-302f-4d2a-8dd1-105e42bdcab4/progress","status":304,"duration":"4ms"}
[2026-05-04 05:12:40] INFO: GET /api/students/02590459-302f-4d2a-8dd1-105e42bdcab4/progress-by-course {"service":"igtihad-api","method":"GET","url":"/api/students/02590459-302f-4d2a-8dd1-105e42bdcab4/progress-by-course","status":304,"duration":"5ms"}
[2026-05-04 05:12:40] INFO: GET /api/quizzes {"service":"igtihad-api","method":"GET","url":"/api/quizzes","status":304,"duration":"2ms"}
[2026-05-04 05:12:40] INFO: GET /api/quizzes {"service":"igtihad-api","method":"GET","url":"/api/quizzes","status":304,"duration":"1ms"}
[2026-05-04 05:12:40] INFO: GET /api/quizzes/results/student/02590459-302f-4d2a-8dd1-105e42bdcab4 {"service":"igtihad-api","method":"GET","url":"/api/quizzes/results/student/02590459-302f-4d2a-8dd1-105e42bdcab4","status":304,"duration":"2ms"}
[2026-05-04 05:12:40] INFO: GET /api/quizzes/results/student/02590459-302f-4d2a-8dd1-105e42bdcab4 {"service":"igtihad-api","method":"GET","url":"/api/quizzes/results/student/02590459-302f-4d2a-8dd1-105e42bdcab4","status":304,"duration":"3ms"}
[2026-05-04 05:12:48] INFO: GET /api/students/02590459-302f-4d2a-8dd1-105e42bdcab4/enrollments {"service":"igtihad-api","method":"GET","url":"/api/students/02590459-302f-4d2a-8dd1-105e42bdcab4/enrollments","status":304,"duration":"2ms"}
[2026-05-04 05:12:48] INFO: GET /api/students/02590459-302f-4d2a-8dd1-105e42bdcab4/enrollments {"service":"igtihad-api","method":"GET","url":"/api/students/02590459-302f-4d2a-8dd1-105e42bdcab4/enrollments","status":304,"duration":"3ms"}
[2026-05-04 05:12:48] INFO: GET /api/students/02590459-302f-4d2a-8dd1-105e42bdcab4/progress-by-course {"service":"igtihad-api","method":"GET","url":"/api/students/02590459-302f-4d2a-8dd1-105e42bdcab4/progress-by-course","status":304,"duration":"9ms"}
[2026-05-04 05:12:48] INFO: GET /api/students/02590459-302f-4d2a-8dd1-105e42bdcab4/progress-by-course {"service":"igtihad-api","method":"GET","url":"/api/students/02590459-302f-4d2a-8dd1-105e42bdcab4/progress-by-course","status":304,"duration":"3ms"}
[2026-05-04 05:13:13] INFO: GET /api/students/02590459-302f-4d2a-8dd1-105e42bdcab4/wallet {"service":"igtihad-api","method":"GET","url":"/api/students/02590459-302f-4d2a-8dd1-105e42bdcab4/wallet","status":304,"duration":"2ms"}
[2026-05-04 05:14:28] INFO: GET /api/health {"service":"igtihad-api","method":"GET","url":"/api/health","status":304,"duration":"0ms"}
[2026-05-04 05:14:32] INFO: GET /api/health {"service":"igtihad-api","method":"GET","url":"/api/health","status":304,"duration":"0ms"}
[2026-05-04 05:14:32] INFO: POST /api/auth/login {"service":"igtihad-api","method":"POST","url":"/api/auth/login","status":200,"duration":"73ms"}
[2026-05-04 05:14:32] INFO: GET /api/courses {"service":"igtihad-api","method":"GET","url":"/api/courses","status":304,"duration":"5ms"}
[2026-05-04 05:14:32] INFO: GET /api/admin/dashboard {"service":"igtihad-api","method":"GET","url":"/api/admin/dashboard","status":304,"duration":"11ms"}
[2026-05-04 05:14:32] INFO: GET /api/admin/codes {"service":"igtihad-api","method":"GET","url":"/api/admin/codes","status":304,"duration":"6ms"}
[2026-05-04 05:14:33] INFO: GET /api/courses {"service":"igtihad-api","method":"GET","url":"/api/courses","status":304,"duration":"2ms"}
[2026-05-04 05:14:33] INFO: GET /api/admin/dashboard {"service":"igtihad-api","method":"GET","url":"/api/admin/dashboard","status":304,"duration":"4ms"}
[2026-05-04 05:14:33] INFO: GET /api/admin/codes {"service":"igtihad-api","method":"GET","url":"/api/admin/codes","status":304,"duration":"3ms"}
[2026-05-04 05:14:39] INFO: GET /api/auth/me {"service":"igtihad-api","method":"GET","url":"/api/auth/me","status":200,"duration":"3ms"}
[2026-05-04 05:14:39] INFO: GET /api/students/02590459-302f-4d2a-8dd1-105e42bdcab4/enrollments {"service":"igtihad-api","method":"GET","url":"/api/students/02590459-302f-4d2a-8dd1-105e42bdcab4/enrollments","status":304,"duration":"6ms"}
[2026-05-04 05:14:39] INFO: GET /api/students/02590459-302f-4d2a-8dd1-105e42bdcab4/notifications {"service":"igtihad-api","method":"GET","url":"/api/students/02590459-302f-4d2a-8dd1-105e42bdcab4/notifications","status":304,"duration":"6ms"}
[2026-05-04 05:14:39] INFO: GET /api/students/02590459-302f-4d2a-8dd1-105e42bdcab4/enrollments {"service":"igtihad-api","method":"GET","url":"/api/students/02590459-302f-4d2a-8dd1-105e42bdcab4/enrollments","status":304,"duration":"6ms"}
[2026-05-04 05:14:39] INFO: GET /api/students/02590459-302f-4d2a-8dd1-105e42bdcab4/notifications {"service":"igtihad-api","method":"GET","url":"/api/students/02590459-302f-4d2a-8dd1-105e42bdcab4/notifications","status":304,"duration":"10ms"}
[2026-05-04 05:14:39] INFO: GET /api/students/02590459-302f-4d2a-8dd1-105e42bdcab4/progress {"service":"igtihad-api","method":"GET","url":"/api/students/02590459-302f-4d2a-8dd1-105e42bdcab4/progress","status":304,"duration":"3ms"}
[2026-05-04 05:14:39] INFO: GET /api/students/02590459-302f-4d2a-8dd1-105e42bdcab4/progress {"service":"igtihad-api","method":"GET","url":"/api/students/02590459-302f-4d2a-8dd1-105e42bdcab4/progress","status":304,"duration":"1ms"}
[2026-05-04 05:14:39] INFO: GET /api/students/02590459-302f-4d2a-8dd1-105e42bdcab4/progress-by-course {"service":"igtihad-api","method":"GET","url":"/api/students/02590459-302f-4d2a-8dd1-105e42bdcab4/progress-by-course","status":304,"duration":"3ms"}
[2026-05-04 05:14:39] INFO: GET /api/students/02590459-302f-4d2a-8dd1-105e42bdcab4/progress-by-course {"service":"igtihad-api","method":"GET","url":"/api/students/02590459-302f-4d2a-8dd1-105e42bdcab4/progress-by-course","status":304,"duration":"8ms"}
[2026-05-04 05:14:39] INFO: GET /api/quizzes {"service":"igtihad-api","method":"GET","url":"/api/quizzes","status":304,"duration":"3ms"}
[2026-05-04 05:14:39] INFO: GET /api/quizzes {"service":"igtihad-api","method":"GET","url":"/api/quizzes","status":304,"duration":"1ms"}
[2026-05-04 05:14:39] INFO: GET /api/quizzes/results/student/02590459-302f-4d2a-8dd1-105e42bdcab4 {"service":"igtihad-api","method":"GET","url":"/api/quizzes/results/student/02590459-302f-4d2a-8dd1-105e42bdcab4","status":304,"duration":"3ms"}
[2026-05-04 05:14:39] INFO: GET /api/quizzes/results/student/02590459-302f-4d2a-8dd1-105e42bdcab4 {"service":"igtihad-api","method":"GET","url":"/api/quizzes/results/student/02590459-302f-4d2a-8dd1-105e42bdcab4","status":304,"duration":"4ms"}
[2026-05-04 05:14:39] INFO: GET /uploads/1777835508816-421701095.png {"service":"igtihad-api","method":"GET","url":"/uploads/1777835508816-421701095.png","status":304,"duration":"1ms"}
[2026-05-04 05:14:42] INFO: GET /api/health {"service":"igtihad-api","method":"GET","url":"/api/health","status":304,"duration":"2ms"}
[2026-05-04 05:14:44] INFO: GET /api/health {"service":"igtihad-api","method":"GET","url":"/api/health","status":304,"duration":"1ms"}
[2026-05-04 05:14:44] INFO: POST /api/auth/login {"service":"igtihad-api","method":"POST","url":"/api/auth/login","status":200,"duration":"72ms"}
[2026-05-04 05:14:44] INFO: GET /api/courses {"service":"igtihad-api","method":"GET","url":"/api/courses","status":304,"duration":"9ms"}
[2026-05-04 05:14:44] INFO: GET /api/admin/codes {"service":"igtihad-api","method":"GET","url":"/api/admin/codes","status":304,"duration":"7ms"}
[2026-05-04 05:14:44] INFO: GET /api/admin/dashboard {"service":"igtihad-api","method":"GET","url":"/api/admin/dashboard","status":304,"duration":"15ms"}
[2026-05-04 05:14:45] INFO: GET /api/courses {"service":"igtihad-api","method":"GET","url":"/api/courses","status":304,"duration":"2ms"}
[2026-05-04 05:14:45] INFO: GET /api/admin/codes {"service":"igtihad-api","method":"GET","url":"/api/admin/codes","status":304,"duration":"2ms"}
[2026-05-04 05:14:45] INFO: GET /api/admin/dashboard {"service":"igtihad-api","method":"GET","url":"/api/admin/dashboard","status":304,"duration":"5ms"}
[2026-05-04 05:14:45] INFO: GET /api/courses {"service":"igtihad-api","method":"GET","url":"/api/courses","status":304,"duration":"1ms"}
[2026-05-04 05:14:45] INFO: GET /api/admin/codes {"service":"igtihad-api","method":"GET","url":"/api/admin/codes","status":304,"duration":"2ms"}
[2026-05-04 05:14:47] INFO: GET /api/courses {"service":"igtihad-api","method":"GET","url":"/api/courses","status":304,"duration":"1ms"}
[2026-05-04 05:14:47] INFO: GET /api/public/settings {"service":"igtihad-api","method":"GET","url":"/api/public/settings","status":304,"duration":"2ms"}
[2026-05-04 05:14:47] INFO: GET /api/students {"service":"igtihad-api","method":"GET","url":"/api/students","status":304,"duration":"2ms"}
[2026-05-04 05:14:50] INFO: GET /api/auth/me {"service":"igtihad-api","method":"GET","url":"/api/auth/me","status":304,"duration":"2ms"}
[2026-05-04 05:14:50] INFO: GET /api/public/settings {"service":"igtihad-api","method":"GET","url":"/api/public/settings","status":304,"duration":"1ms"}
[2026-05-04 05:14:50] INFO: GET /api/courses {"service":"igtihad-api","method":"GET","url":"/api/courses","status":304,"duration":"3ms"}
[2026-05-04 05:15:07] INFO: GET /api/public/settings {"service":"igtihad-api","method":"GET","url":"/api/public/settings","status":304,"duration":"0ms"}
[2026-05-04 05:15:07] INFO: GET /api/courses {"service":"igtihad-api","method":"GET","url":"/api/courses","status":304,"duration":"2ms"}
[2026-05-04 05:15:07] INFO: GET /api/students {"service":"igtihad-api","method":"GET","url":"/api/students","status":304,"duration":"1ms"}
[2026-05-04 05:15:11] INFO: GET /api/courses {"service":"igtihad-api","method":"GET","url":"/api/courses","status":304,"duration":"2ms"}
[2026-05-04 05:15:11] INFO: GET /api/admin/codes {"service":"igtihad-api","method":"GET","url":"/api/admin/codes","status":304,"duration":"3ms"}
[2026-05-04 05:15:13] INFO: GET /api/quizzes {"service":"igtihad-api","method":"GET","url":"/api/quizzes","status":304,"duration":"2ms"}
[2026-05-04 05:15:13] INFO: GET /api/courses {"service":"igtihad-api","method":"GET","url":"/api/courses","status":304,"duration":"1ms"}
[2026-05-04 05:15:13] INFO: GET /api/quizzes/1/questions {"service":"igtihad-api","method":"GET","url":"/api/quizzes/1/questions","status":304,"duration":"2ms"}
[2026-05-04 05:15:15] INFO: GET /api/students/qa/all {"service":"igtihad-api","method":"GET","url":"/api/students/qa/all","status":304,"duration":"2ms"}
[2026-05-04 05:15:17] INFO: GET /api/courses {"service":"igtihad-api","method":"GET","url":"/api/courses","status":304,"duration":"2ms"}
[2026-05-04 05:15:17] INFO: GET /api/admin/codes {"service":"igtihad-api","method":"GET","url":"/api/admin/codes","status":304,"duration":"2ms"}
[2026-05-04 05:15:17] INFO: GET /api/admin/dashboard {"service":"igtihad-api","method":"GET","url":"/api/admin/dashboard","status":304,"duration":"9ms"}
[2026-05-04 05:15:18] INFO: GET /api/admin/codes {"service":"igtihad-api","method":"GET","url":"/api/admin/codes","status":304,"duration":"1ms"}
[2026-05-04 05:15:18] INFO: GET /api/courses {"service":"igtihad-api","method":"GET","url":"/api/courses","status":304,"duration":"2ms"}
[2026-05-04 05:15:18] INFO: GET /api/admin/dashboard {"service":"igtihad-api","method":"GET","url":"/api/admin/dashboard","status":304,"duration":"5ms"}
[2026-05-04 05:15:50] INFO: GET /api/students/qa/all {"service":"igtihad-api","method":"GET","url":"/api/students/qa/all","status":304,"duration":"3ms"}
[2026-05-04 05:15:51] INFO: GET /api/courses {"service":"igtihad-api","method":"GET","url":"/api/courses","status":304,"duration":"1ms"}
[2026-05-04 05:15:52] INFO: GET /api/public/reviews {"service":"igtihad-api","method":"GET","url":"/api/public/reviews","status":304,"duration":"1ms"}
[2026-05-04 05:15:54] INFO: GET /api/students/admins {"service":"igtihad-api","method":"GET","url":"/api/students/admins","status":200,"duration":"1ms"}
[2026-05-04 05:15:56] INFO: GET /api/public/reviews {"service":"igtihad-api","method":"GET","url":"/api/public/reviews","status":304,"duration":"2ms"}
[2026-05-04 05:15:56] INFO: GET /api/students/qa/all {"service":"igtihad-api","method":"GET","url":"/api/students/qa/all","status":304,"duration":"2ms"}
[2026-05-04 05:15:58] INFO: GET /api/quizzes {"service":"igtihad-api","method":"GET","url":"/api/quizzes","status":304,"duration":"2ms"}
[2026-05-04 05:15:58] INFO: GET /api/courses {"service":"igtihad-api","method":"GET","url":"/api/courses","status":304,"duration":"2ms"}
[2026-05-04 05:15:58] INFO: GET /api/quizzes/1/questions {"service":"igtihad-api","method":"GET","url":"/api/quizzes/1/questions","status":304,"duration":"1ms"}
[2026-05-04 05:15:59] INFO: GET /api/courses {"service":"igtihad-api","method":"GET","url":"/api/courses","status":304,"duration":"1ms"}
[2026-05-04 05:15:59] INFO: GET /api/admin/codes {"service":"igtihad-api","method":"GET","url":"/api/admin/codes","status":304,"duration":"2ms"}
[2026-05-04 05:16:02] INFO: GET /api/courses {"service":"igtihad-api","method":"GET","url":"/api/courses","status":304,"duration":"4ms"}
[2026-05-04 05:16:02] INFO: GET /api/public/settings {"service":"igtihad-api","method":"GET","url":"/api/public/settings","status":304,"duration":"1ms"}
[2026-05-04 05:16:02] INFO: GET /api/students {"service":"igtihad-api","method":"GET","url":"/api/students","status":304,"duration":"5ms"}
[2026-05-04 05:18:25] INFO: GET /api/public/settings {"service":"igtihad-api","method":"GET","url":"/api/public/settings","status":304,"duration":"0ms"}
[2026-05-04 05:18:25] INFO: GET /api/courses {"service":"igtihad-api","method":"GET","url":"/api/courses","status":304,"duration":"1ms"}
[2026-05-04 05:18:26] INFO: GET /api/students/qa/all {"service":"igtihad-api","method":"GET","url":"/api/students/qa/all","status":304,"duration":"2ms"}
[2026-05-04 05:18:28] INFO: GET /api/health {"service":"igtihad-api","method":"GET","url":"/api/health","status":304,"duration":"4ms"}
[2026-05-04 05:18:28] INFO: GET /api/health {"service":"igtihad-api","method":"GET","url":"/api/health","status":304,"duration":"0ms"}
[2026-05-04 05:18:32] INFO: GET /api/health {"service":"igtihad-api","method":"GET","url":"/api/health","status":304,"duration":"1ms"}
[2026-05-04 05:18:32] INFO: POST /api/auth/login {"service":"igtihad-api","method":"POST","url":"/api/auth/login","status":200,"duration":"69ms"}
[2026-05-04 05:18:32] INFO: GET /api/students/02590459-302f-4d2a-8dd1-105e42bdcab4/enrollments {"service":"igtihad-api","method":"GET","url":"/api/students/02590459-302f-4d2a-8dd1-105e42bdcab4/enrollments","status":304,"duration":"2ms"}
[2026-05-04 05:18:32] INFO: GET /api/students/02590459-302f-4d2a-8dd1-105e42bdcab4/notifications {"service":"igtihad-api","method":"GET","url":"/api/students/02590459-302f-4d2a-8dd1-105e42bdcab4/notifications","status":304,"duration":"5ms"}
[2026-05-04 05:18:32] INFO: GET /api/students/02590459-302f-4d2a-8dd1-105e42bdcab4/enrollments {"service":"igtihad-api","method":"GET","url":"/api/students/02590459-302f-4d2a-8dd1-105e42bdcab4/enrollments","status":304,"duration":"5ms"}
[2026-05-04 05:18:32] INFO: GET /api/students/02590459-302f-4d2a-8dd1-105e42bdcab4/notifications {"service":"igtihad-api","method":"GET","url":"/api/students/02590459-302f-4d2a-8dd1-105e42bdcab4/notifications","status":304,"duration":"3ms"}
[2026-05-04 05:18:32] INFO: GET /api/students/02590459-302f-4d2a-8dd1-105e42bdcab4/progress {"service":"igtihad-api","method":"GET","url":"/api/students/02590459-302f-4d2a-8dd1-105e42bdcab4/progress","status":304,"duration":"3ms"}
[2026-05-04 05:18:32] INFO: GET /api/students/02590459-302f-4d2a-8dd1-105e42bdcab4/progress-by-course {"service":"igtihad-api","method":"GET","url":"/api/students/02590459-302f-4d2a-8dd1-105e42bdcab4/progress-by-course","status":304,"duration":"3ms"}
[2026-05-04 05:18:32] INFO: GET /api/students/02590459-302f-4d2a-8dd1-105e42bdcab4/progress {"service":"igtihad-api","method":"GET","url":"/api/students/02590459-302f-4d2a-8dd1-105e42bdcab4/progress","status":304,"duration":"3ms"}
[2026-05-04 05:18:32] INFO: GET /api/quizzes {"service":"igtihad-api","method":"GET","url":"/api/quizzes","status":304,"duration":"1ms"}
[2026-05-04 05:18:32] INFO: GET /api/quizzes/results/student/02590459-302f-4d2a-8dd1-105e42bdcab4 {"service":"igtihad-api","method":"GET","url":"/api/quizzes/results/student/02590459-302f-4d2a-8dd1-105e42bdcab4","status":304,"duration":"2ms"}
[2026-05-04 05:18:32] INFO: GET /api/students/02590459-302f-4d2a-8dd1-105e42bdcab4/progress-by-course {"service":"igtihad-api","method":"GET","url":"/api/students/02590459-302f-4d2a-8dd1-105e42bdcab4/progress-by-course","status":304,"duration":"5ms"}
[2026-05-04 05:18:32] INFO: GET /api/quizzes {"service":"igtihad-api","method":"GET","url":"/api/quizzes","status":304,"duration":"4ms"}
[2026-05-04 05:18:32] INFO: GET /api/quizzes/results/student/02590459-302f-4d2a-8dd1-105e42bdcab4 {"service":"igtihad-api","method":"GET","url":"/api/quizzes/results/student/02590459-302f-4d2a-8dd1-105e42bdcab4","status":304,"duration":"4ms"}
[2026-05-04 05:18:32] INFO: GET /uploads/1777835508816-421701095.png {"service":"igtihad-api","method":"GET","url":"/uploads/1777835508816-421701095.png","status":304,"duration":"2ms"}
[2026-05-04 05:19:09] INFO: 🚀 Server is running on http://0.0.0.0:5000 {"service":"igtihad-api"}
[2026-05-04 05:19:40] INFO: 🚀 Server is running on http://0.0.0.0:5000 {"service":"igtihad-api"}
[2026-05-04 05:20:38] INFO: 🚀 Server is running on http://0.0.0.0:5000 {"service":"igtihad-api"}
[2026-05-04 05:21:41] INFO: GET /api/auth/me {"service":"igtihad-api","method":"GET","url":"/api/auth/me","status":200,"duration":"26ms"}
[2026-05-04 05:21:41] WARN: GET /api/admin/dashboard {"service":"igtihad-api","method":"GET","url":"/api/admin/dashboard","status":403,"duration":"2ms"}
[2026-05-04 05:21:41] INFO: GET /api/courses {"service":"igtihad-api","method":"GET","url":"/api/courses","status":304,"duration":"2ms"}
[2026-05-04 05:21:41] WARN: GET /api/admin/codes {"service":"igtihad-api","method":"GET","url":"/api/admin/codes","status":403,"duration":"1ms"}
[2026-05-04 05:21:42] WARN: GET /api/admin/dashboard {"service":"igtihad-api","method":"GET","url":"/api/admin/dashboard","status":403,"duration":"2ms"}
[2026-05-04 05:21:42] WARN: GET /api/admin/codes {"service":"igtihad-api","method":"GET","url":"/api/admin/codes","status":403,"duration":"3ms"}
[2026-05-04 05:21:42] INFO: GET /api/courses {"service":"igtihad-api","method":"GET","url":"/api/courses","status":304,"duration":"7ms"}
[2026-05-04 05:21:49] INFO: GET /api/auth/me {"service":"igtihad-api","method":"GET","url":"/api/auth/me","status":304,"duration":"3ms"}
[2026-05-04 05:21:49] INFO: GET /api/students/02590459-302f-4d2a-8dd1-105e42bdcab4/enrollments {"service":"igtihad-api","method":"GET","url":"/api/students/02590459-302f-4d2a-8dd1-105e42bdcab4/enrollments","status":304,"duration":"10ms"}
[2026-05-04 05:21:49] INFO: GET /api/students/02590459-302f-4d2a-8dd1-105e42bdcab4/notifications {"service":"igtihad-api","method":"GET","url":"/api/students/02590459-302f-4d2a-8dd1-105e42bdcab4/notifications","status":304,"duration":"8ms"}
[2026-05-04 05:21:49] INFO: GET /api/students/02590459-302f-4d2a-8dd1-105e42bdcab4/enrollments {"service":"igtihad-api","method":"GET","url":"/api/students/02590459-302f-4d2a-8dd1-105e42bdcab4/enrollments","status":304,"duration":"6ms"}
[2026-05-04 05:21:49] INFO: GET /api/students/02590459-302f-4d2a-8dd1-105e42bdcab4/notifications {"service":"igtihad-api","method":"GET","url":"/api/students/02590459-302f-4d2a-8dd1-105e42bdcab4/notifications","status":304,"duration":"6ms"}
[2026-05-04 05:21:50] INFO: GET /api/students/02590459-302f-4d2a-8dd1-105e42bdcab4/progress {"service":"igtihad-api","method":"GET","url":"/api/students/02590459-302f-4d2a-8dd1-105e42bdcab4/progress","status":304,"duration":"11ms"}
[2026-05-04 05:21:50] INFO: GET /api/students/02590459-302f-4d2a-8dd1-105e42bdcab4/progress {"service":"igtihad-api","method":"GET","url":"/api/students/02590459-302f-4d2a-8dd1-105e42bdcab4/progress","status":304,"duration":"5ms"}
[2026-05-04 05:21:50] INFO: GET /api/students/02590459-302f-4d2a-8dd1-105e42bdcab4/progress-by-course {"service":"igtihad-api","method":"GET","url":"/api/students/02590459-302f-4d2a-8dd1-105e42bdcab4/progress-by-course","status":304,"duration":"7ms"}
[2026-05-04 05:21:50] INFO: GET /api/students/02590459-302f-4d2a-8dd1-105e42bdcab4/progress-by-course {"service":"igtihad-api","method":"GET","url":"/api/students/02590459-302f-4d2a-8dd1-105e42bdcab4/progress-by-course","status":304,"duration":"2ms"}
[2026-05-04 05:21:50] INFO: GET /api/quizzes {"service":"igtihad-api","method":"GET","url":"/api/quizzes","status":304,"duration":"6ms"}
[2026-05-04 05:21:50] INFO: GET /api/quizzes {"service":"igtihad-api","method":"GET","url":"/api/quizzes","status":304,"duration":"10ms"}
[2026-05-04 05:21:50] INFO: GET /api/quizzes/results/student/02590459-302f-4d2a-8dd1-105e42bdcab4 {"service":"igtihad-api","method":"GET","url":"/api/quizzes/results/student/02590459-302f-4d2a-8dd1-105e42bdcab4","status":304,"duration":"11ms"}
[2026-05-04 05:21:50] INFO: GET /api/quizzes/results/student/02590459-302f-4d2a-8dd1-105e42bdcab4 {"service":"igtihad-api","method":"GET","url":"/api/quizzes/results/student/02590459-302f-4d2a-8dd1-105e42bdcab4","status":304,"duration":"2ms"}
[2026-05-04 05:21:50] INFO: GET /uploads/1777835508816-421701095.png {"service":"igtihad-api","method":"GET","url":"/uploads/1777835508816-421701095.png","status":304,"duration":"14ms"}
[2026-05-04 05:22:00] INFO: POST /api/upload {"service":"igtihad-api","method":"POST","url":"/api/upload","status":200,"duration":"14ms"}
[2026-05-04 05:22:00] INFO: PUT /api/students/profile/02590459-302f-4d2a-8dd1-105e42bdcab4 {"service":"igtihad-api","method":"PUT","url":"/api/students/profile/02590459-302f-4d2a-8dd1-105e42bdcab4","status":200,"duration":"29ms"}
[2026-05-04 05:22:00] INFO: GET /uploads/1777861320156-297676208.jpg {"service":"igtihad-api","method":"GET","url":"/uploads/1777861320156-297676208.jpg","status":200,"duration":"4ms"}
[2026-05-04 05:22:04] INFO: GET /api/students/02590459-302f-4d2a-8dd1-105e42bdcab4/enrollments {"service":"igtihad-api","method":"GET","url":"/api/students/02590459-302f-4d2a-8dd1-105e42bdcab4/enrollments","status":304,"duration":"3ms"}
[2026-05-04 05:22:04] INFO: GET /api/students/02590459-302f-4d2a-8dd1-105e42bdcab4/enrollments {"service":"igtihad-api","method":"GET","url":"/api/students/02590459-302f-4d2a-8dd1-105e42bdcab4/enrollments","status":304,"duration":"3ms"}
[2026-05-04 05:22:04] INFO: GET /api/students/02590459-302f-4d2a-8dd1-105e42bdcab4/progress {"service":"igtihad-api","method":"GET","url":"/api/students/02590459-302f-4d2a-8dd1-105e42bdcab4/progress","status":304,"duration":"2ms"}
[2026-05-04 05:22:04] INFO: GET /api/students/02590459-302f-4d2a-8dd1-105e42bdcab4/progress {"service":"igtihad-api","method":"GET","url":"/api/students/02590459-302f-4d2a-8dd1-105e42bdcab4/progress","status":304,"duration":"4ms"}
[2026-05-04 05:22:04] INFO: GET /api/students/02590459-302f-4d2a-8dd1-105e42bdcab4/progress-by-course {"service":"igtihad-api","method":"GET","url":"/api/students/02590459-302f-4d2a-8dd1-105e42bdcab4/progress-by-course","status":304,"duration":"7ms"}
[2026-05-04 05:22:04] INFO: GET /api/quizzes {"service":"igtihad-api","method":"GET","url":"/api/quizzes","status":304,"duration":"2ms"}
[2026-05-04 05:22:04] INFO: GET /api/students/02590459-302f-4d2a-8dd1-105e42bdcab4/progress-by-course {"service":"igtihad-api","method":"GET","url":"/api/students/02590459-302f-4d2a-8dd1-105e42bdcab4/progress-by-course","status":304,"duration":"10ms"}
[2026-05-04 05:22:04] INFO: GET /api/quizzes {"service":"igtihad-api","method":"GET","url":"/api/quizzes","status":304,"duration":"6ms"}
[2026-05-04 05:22:04] INFO: GET /api/quizzes/results/student/02590459-302f-4d2a-8dd1-105e42bdcab4 {"service":"igtihad-api","method":"GET","url":"/api/quizzes/results/student/02590459-302f-4d2a-8dd1-105e42bdcab4","status":304,"duration":"6ms"}
[2026-05-04 05:22:04] INFO: GET /api/quizzes/results/student/02590459-302f-4d2a-8dd1-105e42bdcab4 {"service":"igtihad-api","method":"GET","url":"/api/quizzes/results/student/02590459-302f-4d2a-8dd1-105e42bdcab4","status":304,"duration":"2ms"}
[2026-05-04 05:22:11] INFO: GET /api/health {"service":"igtihad-api","method":"GET","url":"/api/health","status":304,"duration":"1ms"}
[2026-05-04 05:22:12] INFO: GET /api/health {"service":"igtihad-api","method":"GET","url":"/api/health","status":304,"duration":"1ms"}
[2026-05-04 05:22:15] INFO: GET /api/health {"service":"igtihad-api","method":"GET","url":"/api/health","status":304,"duration":"1ms"}
[2026-05-04 05:22:15] INFO: POST /api/auth/login {"service":"igtihad-api","method":"POST","url":"/api/auth/login","status":200,"duration":"78ms"}
[2026-05-04 05:22:15] INFO: GET /api/admin/codes {"service":"igtihad-api","method":"GET","url":"/api/admin/codes","status":200,"duration":"3ms"}
[2026-05-04 05:22:15] INFO: GET /api/courses {"service":"igtihad-api","method":"GET","url":"/api/courses","status":304,"duration":"5ms"}
[2026-05-04 05:22:15] INFO: GET /api/admin/dashboard {"service":"igtihad-api","method":"GET","url":"/api/admin/dashboard","status":200,"duration":"10ms"}
[2026-05-04 05:22:16] INFO: GET /api/courses {"service":"igtihad-api","method":"GET","url":"/api/courses","status":304,"duration":"1ms"}
[2026-05-04 05:22:16] INFO: GET /api/admin/codes {"service":"igtihad-api","method":"GET","url":"/api/admin/codes","status":304,"duration":"2ms"}
[2026-05-04 05:22:16] INFO: GET /api/admin/dashboard {"service":"igtihad-api","method":"GET","url":"/api/admin/dashboard","status":304,"duration":"6ms"}
[2026-05-04 05:22:40] INFO: GET /api/students/qa/all {"service":"igtihad-api","method":"GET","url":"/api/students/qa/all","status":304,"duration":"4ms"}
[2026-05-04 05:22:41] INFO: GET /api/courses {"service":"igtihad-api","method":"GET","url":"/api/courses","status":304,"duration":"1ms"}
[2026-05-04 05:22:42] INFO: GET /api/public/reviews {"service":"igtihad-api","method":"GET","url":"/api/public/reviews","status":304,"duration":"2ms"}
[2026-05-04 05:22:43] INFO: GET /api/students/admins {"service":"igtihad-api","method":"GET","url":"/api/students/admins","status":304,"duration":"3ms"}
[2026-05-04 05:23:37] INFO: GET /api/courses {"service":"igtihad-api","method":"GET","url":"/api/courses","status":304,"duration":"4ms"}
[2026-05-04 05:23:39] INFO: GET /api/courses {"service":"igtihad-api","method":"GET","url":"/api/courses","status":304,"duration":"2ms"}
[2026-05-04 05:23:39] INFO: GET /api/quizzes {"service":"igtihad-api","method":"GET","url":"/api/quizzes","status":304,"duration":"1ms"}
[2026-05-04 05:23:39] INFO: GET /api/quizzes/1/questions {"service":"igtihad-api","method":"GET","url":"/api/quizzes/1/questions","status":304,"duration":"4ms"}
[2026-05-04 05:23:40] INFO: GET /api/courses {"service":"igtihad-api","method":"GET","url":"/api/courses","status":304,"duration":"2ms"}
[2026-05-04 05:23:40] WARN: GET /api/public/settings {"service":"igtihad-api","method":"GET","url":"/api/public/settings","status":404,"duration":"3ms"}
[2026-05-04 05:23:40] INFO: GET /api/students {"service":"igtihad-api","method":"GET","url":"/api/students","status":304,"duration":"7ms"}
[2026-05-04 05:23:41] WARN: GET /api/public/settings {"service":"igtihad-api","method":"GET","url":"/api/public/settings","status":404,"duration":"2ms"}
[2026-05-04 05:23:41] INFO: GET /api/courses {"service":"igtihad-api","method":"GET","url":"/api/courses","status":304,"duration":"4ms"}
[2026-05-04 05:23:43] INFO: GET /api/auth/me {"service":"igtihad-api","method":"GET","url":"/api/auth/me","status":200,"duration":"4ms"}
[2026-05-04 05:23:43] INFO: GET /api/students/02590459-302f-4d2a-8dd1-105e42bdcab4/enrollments {"service":"igtihad-api","method":"GET","url":"/api/students/02590459-302f-4d2a-8dd1-105e42bdcab4/enrollments","status":304,"duration":"3ms"}
[2026-05-04 05:23:43] INFO: GET /api/students/02590459-302f-4d2a-8dd1-105e42bdcab4/enrollments {"service":"igtihad-api","method":"GET","url":"/api/students/02590459-302f-4d2a-8dd1-105e42bdcab4/enrollments","status":304,"duration":"4ms"}
[2026-05-04 05:23:43] INFO: GET /api/students/02590459-302f-4d2a-8dd1-105e42bdcab4/notifications {"service":"igtihad-api","method":"GET","url":"/api/students/02590459-302f-4d2a-8dd1-105e42bdcab4/notifications","status":304,"duration":"3ms"}
[2026-05-04 05:23:43] INFO: GET /api/students/02590459-302f-4d2a-8dd1-105e42bdcab4/notifications {"service":"igtihad-api","method":"GET","url":"/api/students/02590459-302f-4d2a-8dd1-105e42bdcab4/notifications","status":304,"duration":"3ms"}
[2026-05-04 05:23:43] INFO: GET /api/students/02590459-302f-4d2a-8dd1-105e42bdcab4/progress {"service":"igtihad-api","method":"GET","url":"/api/students/02590459-302f-4d2a-8dd1-105e42bdcab4/progress","status":304,"duration":"2ms"}
[2026-05-04 05:23:43] INFO: GET /api/students/02590459-302f-4d2a-8dd1-105e42bdcab4/progress {"service":"igtihad-api","method":"GET","url":"/api/students/02590459-302f-4d2a-8dd1-105e42bdcab4/progress","status":304,"duration":"2ms"}
[2026-05-04 05:23:43] INFO: GET /api/quizzes {"service":"igtihad-api","method":"GET","url":"/api/quizzes","status":304,"duration":"2ms"}
[2026-05-04 05:23:43] INFO: GET /api/quizzes {"service":"igtihad-api","method":"GET","url":"/api/quizzes","status":304,"duration":"3ms"}
[2026-05-04 05:23:43] INFO: GET /api/quizzes/results/student/02590459-302f-4d2a-8dd1-105e42bdcab4 {"service":"igtihad-api","method":"GET","url":"/api/quizzes/results/student/02590459-302f-4d2a-8dd1-105e42bdcab4","status":304,"duration":"3ms"}
[2026-05-04 05:23:43] INFO: GET /api/students/02590459-302f-4d2a-8dd1-105e42bdcab4/progress-by-course {"service":"igtihad-api","method":"GET","url":"/api/students/02590459-302f-4d2a-8dd1-105e42bdcab4/progress-by-course","status":304,"duration":"7ms"}
[2026-05-04 05:23:43] INFO: GET /api/quizzes/results/student/02590459-302f-4d2a-8dd1-105e42bdcab4 {"service":"igtihad-api","method":"GET","url":"/api/quizzes/results/student/02590459-302f-4d2a-8dd1-105e42bdcab4","status":304,"duration":"7ms"}
[2026-05-04 05:23:43] INFO: GET /api/students/02590459-302f-4d2a-8dd1-105e42bdcab4/progress-by-course {"service":"igtihad-api","method":"GET","url":"/api/students/02590459-302f-4d2a-8dd1-105e42bdcab4/progress-by-course","status":304,"duration":"6ms"}
[2026-05-04 05:23:43] INFO: GET /uploads/1777835508816-421701095.png {"service":"igtihad-api","method":"GET","url":"/uploads/1777835508816-421701095.png","status":304,"duration":"1ms"}
[2026-05-04 05:23:45] INFO: GET /api/health {"service":"igtihad-api","method":"GET","url":"/api/health","status":304,"duration":"1ms"}
[2026-05-04 05:23:47] INFO: GET /api/health {"service":"igtihad-api","method":"GET","url":"/api/health","status":304,"duration":"1ms"}
[2026-05-04 05:23:47] INFO: POST /api/auth/login {"service":"igtihad-api","method":"POST","url":"/api/auth/login","status":200,"duration":"72ms"}
[2026-05-04 05:23:47] INFO: GET /api/courses {"service":"igtihad-api","method":"GET","url":"/api/courses","status":304,"duration":"6ms"}
[2026-05-04 05:23:47] INFO: GET /api/admin/codes {"service":"igtihad-api","method":"GET","url":"/api/admin/codes","status":304,"duration":"4ms"}
[2026-05-04 05:23:47] INFO: GET /api/admin/dashboard {"service":"igtihad-api","method":"GET","url":"/api/admin/dashboard","status":304,"duration":"10ms"}
[2026-05-04 05:23:48] INFO: GET /api/courses {"service":"igtihad-api","method":"GET","url":"/api/courses","status":304,"duration":"2ms"}
[2026-05-04 05:23:48] INFO: GET /api/admin/codes {"service":"igtihad-api","method":"GET","url":"/api/admin/codes","status":304,"duration":"2ms"}
[2026-05-04 05:23:48] INFO: GET /api/admin/dashboard {"service":"igtihad-api","method":"GET","url":"/api/admin/dashboard","status":304,"duration":"4ms"}
[2026-05-04 05:23:52] INFO: GET /api/courses {"service":"igtihad-api","method":"GET","url":"/api/courses","status":304,"duration":"2ms"}
[2026-05-04 05:23:52] WARN: GET /api/public/settings {"service":"igtihad-api","method":"GET","url":"/api/public/settings","status":404,"duration":"1ms"}
[2026-05-04 05:23:53] INFO: GET /api/public/reviews {"service":"igtihad-api","method":"GET","url":"/api/public/reviews","status":304,"duration":"3ms"}
[2026-05-04 05:23:53] INFO: GET /api/public/stats {"service":"igtihad-api","method":"GET","url":"/api/public/stats","status":304,"duration":"2ms"}
[2026-05-04 05:24:15] INFO: GET /api/courses {"service":"igtihad-api","method":"GET","url":"/api/courses","status":304,"duration":"3ms"}
[2026-05-04 05:24:15] INFO: GET /api/admin/codes {"service":"igtihad-api","method":"GET","url":"/api/admin/codes","status":304,"duration":"3ms"}
[2026-05-04 05:24:15] INFO: GET /api/admin/dashboard {"service":"igtihad-api","method":"GET","url":"/api/admin/dashboard","status":304,"duration":"8ms"}
[2026-05-04 05:24:16] INFO: GET /api/courses {"service":"igtihad-api","method":"GET","url":"/api/courses","status":304,"duration":"2ms"}
[2026-05-04 05:24:16] INFO: GET /api/admin/codes {"service":"igtihad-api","method":"GET","url":"/api/admin/codes","status":304,"duration":"2ms"}
[2026-05-04 05:24:16] INFO: GET /api/admin/dashboard {"service":"igtihad-api","method":"GET","url":"/api/admin/dashboard","status":304,"duration":"6ms"}
[2026-05-04 05:24:19] WARN: GET /api/public/settings {"service":"igtihad-api","method":"GET","url":"/api/public/settings","status":404,"duration":"1ms"}
[2026-05-04 05:24:22] INFO: GET /api/auth/me {"service":"igtihad-api","method":"GET","url":"/api/auth/me","status":304,"duration":"2ms"}
[2026-05-04 05:24:22] WARN: GET /api/public/settings {"service":"igtihad-api","method":"GET","url":"/api/public/settings","status":404,"duration":"1ms"}
[2026-05-04 05:24:23] INFO: GET /api/auth/me {"service":"igtihad-api","method":"GET","url":"/api/auth/me","status":304,"duration":"3ms"}
[2026-05-04 05:24:23] WARN: GET /api/public/settings {"service":"igtihad-api","method":"GET","url":"/api/public/settings","status":404,"duration":"1ms"}
[2026-05-04 05:24:29] INFO: GET /api/auth/me {"service":"igtihad-api","method":"GET","url":"/api/auth/me","status":304,"duration":"2ms"}
[2026-05-04 05:24:29] WARN: GET /api/public/settings {"service":"igtihad-api","method":"GET","url":"/api/public/settings","status":404,"duration":"1ms"}
[2026-05-04 05:24:31] INFO: GET /api/auth/me {"service":"igtihad-api","method":"GET","url":"/api/auth/me","status":304,"duration":"2ms"}
[2026-05-04 05:24:31] WARN: GET /api/public/settings {"service":"igtihad-api","method":"GET","url":"/api/public/settings","status":404,"duration":"1ms"}
[2026-05-04 05:24:49] INFO: GET /api/auth/me {"service":"igtihad-api","method":"GET","url":"/api/auth/me","status":304,"duration":"1ms"}
[2026-05-04 05:24:49] WARN: GET /api/public/settings {"service":"igtihad-api","method":"GET","url":"/api/public/settings","status":404,"duration":"0ms"}
[2026-05-04 05:24:50] INFO: GET /api/auth/me {"service":"igtihad-api","method":"GET","url":"/api/auth/me","status":304,"duration":"2ms"}
[2026-05-04 05:24:50] WARN: GET /api/public/settings {"service":"igtihad-api","method":"GET","url":"/api/public/settings","status":404,"duration":"1ms"}
[2026-05-04 05:24:51] INFO: GET /api/auth/me {"service":"igtihad-api","method":"GET","url":"/api/auth/me","status":304,"duration":"3ms"}
[2026-05-04 05:24:51] WARN: GET /api/public/settings {"service":"igtihad-api","method":"GET","url":"/api/public/settings","status":404,"duration":"0ms"}
[2026-05-04 05:24:52] INFO: GET /api/auth/me {"service":"igtihad-api","method":"GET","url":"/api/auth/me","status":304,"duration":"2ms"}
[2026-05-04 05:24:52] WARN: GET /api/public/settings {"service":"igtihad-api","method":"GET","url":"/api/public/settings","status":404,"duration":"1ms"}
[2026-05-04 05:25:42] INFO: GET /api/auth/me {"service":"igtihad-api","method":"GET","url":"/api/auth/me","status":304,"duration":"3ms"}
[2026-05-04 05:25:42] INFO: GET /api/courses {"service":"igtihad-api","method":"GET","url":"/api/courses","status":304,"duration":"5ms"}
[2026-05-04 05:25:42] INFO: GET /api/admin/codes {"service":"igtihad-api","method":"GET","url":"/api/admin/codes","status":304,"duration":"5ms"}
[2026-05-04 05:25:42] INFO: GET /api/admin/dashboard {"service":"igtihad-api","method":"GET","url":"/api/admin/dashboard","status":304,"duration":"9ms"}
[2026-05-04 05:25:43] INFO: GET /api/admin/dashboard {"service":"igtihad-api","method":"GET","url":"/api/admin/dashboard","status":304,"duration":"5ms"}
[2026-05-04 05:25:43] INFO: GET /api/courses {"service":"igtihad-api","method":"GET","url":"/api/courses","status":304,"duration":"4ms"}
[2026-05-04 05:25:43] INFO: GET /api/admin/codes {"service":"igtihad-api","method":"GET","url":"/api/admin/codes","status":304,"duration":"6ms"}
[2026-05-04 05:25:47] INFO: GET /api/students/admins {"service":"igtihad-api","method":"GET","url":"/api/students/admins","status":304,"duration":"2ms"}
[2026-05-04 05:25:48] WARN: GET /api/public/settings {"service":"igtihad-api","method":"GET","url":"/api/public/settings","status":404,"duration":"1ms"}
[2026-05-04 05:26:18] INFO: GET /api/auth/me {"service":"igtihad-api","method":"GET","url":"/api/auth/me","status":304,"duration":"2ms"}
[2026-05-04 05:26:18] WARN: GET /api/public/settings {"service":"igtihad-api","method":"GET","url":"/api/public/settings","status":404,"duration":"1ms"}
[2026-05-04 05:26:53] INFO: GET /api/health {"service":"igtihad-api","method":"GET","url":"/api/health","status":304,"duration":"1ms"}
[2026-05-04 05:26:54] INFO: GET /api/health {"service":"igtihad-api","method":"GET","url":"/api/health","status":304,"duration":"1ms"}
[2026-05-04 05:27:00] INFO: GET /api/health {"service":"igtihad-api","method":"GET","url":"/api/health","status":304,"duration":"1ms"}
[2026-05-04 05:27:00] INFO: POST /api/auth/login {"service":"igtihad-api","method":"POST","url":"/api/auth/login","status":200,"duration":"70ms"}
[2026-05-04 05:27:00] INFO: GET /api/students/02590459-302f-4d2a-8dd1-105e42bdcab4/enrollments {"service":"igtihad-api","method":"GET","url":"/api/students/02590459-302f-4d2a-8dd1-105e42bdcab4/enrollments","status":304,"duration":"4ms"}
[2026-05-04 05:27:00] INFO: GET /api/students/02590459-302f-4d2a-8dd1-105e42bdcab4/enrollments {"service":"igtihad-api","method":"GET","url":"/api/students/02590459-302f-4d2a-8dd1-105e42bdcab4/enrollments","status":304,"duration":"5ms"}
[2026-05-04 05:27:00] INFO: GET /api/students/02590459-302f-4d2a-8dd1-105e42bdcab4/notifications {"service":"igtihad-api","method":"GET","url":"/api/students/02590459-302f-4d2a-8dd1-105e42bdcab4/notifications","status":304,"duration":"5ms"}
[2026-05-04 05:27:00] INFO: GET /api/students/02590459-302f-4d2a-8dd1-105e42bdcab4/notifications {"service":"igtihad-api","method":"GET","url":"/api/students/02590459-302f-4d2a-8dd1-105e42bdcab4/notifications","status":304,"duration":"4ms"}
[2026-05-04 05:27:00] INFO: GET /api/students/02590459-302f-4d2a-8dd1-105e42bdcab4/progress {"service":"igtihad-api","method":"GET","url":"/api/students/02590459-302f-4d2a-8dd1-105e42bdcab4/progress","status":304,"duration":"3ms"}
[2026-05-04 05:27:00] INFO: GET /api/students/02590459-302f-4d2a-8dd1-105e42bdcab4/progress {"service":"igtihad-api","method":"GET","url":"/api/students/02590459-302f-4d2a-8dd1-105e42bdcab4/progress","status":304,"duration":"2ms"}
[2026-05-04 05:27:00] INFO: GET /api/students/02590459-302f-4d2a-8dd1-105e42bdcab4/progress-by-course {"service":"igtihad-api","method":"GET","url":"/api/students/02590459-302f-4d2a-8dd1-105e42bdcab4/progress-by-course","status":304,"duration":"4ms"}
[2026-05-04 05:27:00] INFO: GET /api/students/02590459-302f-4d2a-8dd1-105e42bdcab4/progress-by-course {"service":"igtihad-api","method":"GET","url":"/api/students/02590459-302f-4d2a-8dd1-105e42bdcab4/progress-by-course","status":304,"duration":"8ms"}
[2026-05-04 05:27:00] INFO: GET /api/quizzes {"service":"igtihad-api","method":"GET","url":"/api/quizzes","status":304,"duration":"5ms"}
[2026-05-04 05:27:00] INFO: GET /api/quizzes {"service":"igtihad-api","method":"GET","url":"/api/quizzes","status":304,"duration":"2ms"}
[2026-05-04 05:27:00] INFO: GET /api/quizzes/results/student/02590459-302f-4d2a-8dd1-105e42bdcab4 {"service":"igtihad-api","method":"GET","url":"/api/quizzes/results/student/02590459-302f-4d2a-8dd1-105e42bdcab4","status":304,"duration":"2ms"}
[2026-05-04 05:27:00] INFO: GET /api/quizzes/results/student/02590459-302f-4d2a-8dd1-105e42bdcab4 {"service":"igtihad-api","method":"GET","url":"/api/quizzes/results/student/02590459-302f-4d2a-8dd1-105e42bdcab4","status":304,"duration":"5ms"}
[2026-05-04 05:27:01] INFO: GET /uploads/1777835508816-421701095.png {"service":"igtihad-api","method":"GET","url":"/uploads/1777835508816-421701095.png","status":304,"duration":"1ms"}
[2026-05-04 05:27:03] WARN: GET /api/public/settings {"service":"igtihad-api","method":"GET","url":"/api/public/settings","status":404,"duration":"1ms"}
[2026-05-04 05:28:43] INFO: GET /api/students/02590459-302f-4d2a-8dd1-105e42bdcab4/enrollments {"service":"igtihad-api","method":"GET","url":"/api/students/02590459-302f-4d2a-8dd1-105e42bdcab4/enrollments","status":304,"duration":"2ms"}
[2026-05-04 05:28:43] INFO: GET /api/students/02590459-302f-4d2a-8dd1-105e42bdcab4/enrollments {"service":"igtihad-api","method":"GET","url":"/api/students/02590459-302f-4d2a-8dd1-105e42bdcab4/enrollments","status":304,"duration":"4ms"}
[2026-05-04 05:28:43] INFO: GET /api/students/02590459-302f-4d2a-8dd1-105e42bdcab4/progress-by-course {"service":"igtihad-api","method":"GET","url":"/api/students/02590459-302f-4d2a-8dd1-105e42bdcab4/progress-by-course","status":304,"duration":"8ms"}
[2026-05-04 05:28:43] INFO: GET /api/students/02590459-302f-4d2a-8dd1-105e42bdcab4/progress-by-course {"service":"igtihad-api","method":"GET","url":"/api/students/02590459-302f-4d2a-8dd1-105e42bdcab4/progress-by-course","status":304,"duration":"4ms"}
[2026-05-04 05:28:43] INFO: GET /uploads/1777835508816-421701095.png {"service":"igtihad-api","method":"GET","url":"/uploads/1777835508816-421701095.png","status":304,"duration":"1ms"}
[2026-05-04 05:28:43] INFO: GET /api/students/02590459-302f-4d2a-8dd1-105e42bdcab4/enrollments {"service":"igtihad-api","method":"GET","url":"/api/students/02590459-302f-4d2a-8dd1-105e42bdcab4/enrollments","status":304,"duration":"3ms"}
[2026-05-04 05:28:43] INFO: GET /api/students/02590459-302f-4d2a-8dd1-105e42bdcab4/enrollments {"service":"igtihad-api","method":"GET","url":"/api/students/02590459-302f-4d2a-8dd1-105e42bdcab4/enrollments","status":304,"duration":"3ms"}
[2026-05-04 05:28:43] INFO: GET /api/students/02590459-302f-4d2a-8dd1-105e42bdcab4/progress-by-course {"service":"igtihad-api","method":"GET","url":"/api/students/02590459-302f-4d2a-8dd1-105e42bdcab4/progress-by-course","status":304,"duration":"2ms"}
[2026-05-04 05:28:43] INFO: GET /api/students/02590459-302f-4d2a-8dd1-105e42bdcab4/progress-by-course {"service":"igtihad-api","method":"GET","url":"/api/students/02590459-302f-4d2a-8dd1-105e42bdcab4/progress-by-course","status":304,"duration":"7ms"}
[2026-05-04 05:28:43] INFO: GET /api/students/02590459-302f-4d2a-8dd1-105e42bdcab4/progress {"service":"igtihad-api","method":"GET","url":"/api/students/02590459-302f-4d2a-8dd1-105e42bdcab4/progress","status":304,"duration":"2ms"}
[2026-05-04 05:28:43] INFO: GET /api/students/02590459-302f-4d2a-8dd1-105e42bdcab4/progress {"service":"igtihad-api","method":"GET","url":"/api/students/02590459-302f-4d2a-8dd1-105e42bdcab4/progress","status":304,"duration":"2ms"}
[2026-05-04 05:28:43] INFO: GET /api/quizzes {"service":"igtihad-api","method":"GET","url":"/api/quizzes","status":304,"duration":"2ms"}
[2026-05-04 05:28:44] INFO: GET /api/quizzes/results/student/02590459-302f-4d2a-8dd1-105e42bdcab4 {"service":"igtihad-api","method":"GET","url":"/api/quizzes/results/student/02590459-302f-4d2a-8dd1-105e42bdcab4","status":304,"duration":"10ms"}
[2026-05-04 05:28:44] INFO: GET /api/quizzes {"service":"igtihad-api","method":"GET","url":"/api/quizzes","status":304,"duration":"12ms"}
[2026-05-04 05:28:44] INFO: GET /api/quizzes/results/student/02590459-302f-4d2a-8dd1-105e42bdcab4 {"service":"igtihad-api","method":"GET","url":"/api/quizzes/results/student/02590459-302f-4d2a-8dd1-105e42bdcab4","status":304,"duration":"2ms"}
[2026-05-04 05:28:45] INFO: GET /api/students/02590459-302f-4d2a-8dd1-105e42bdcab4/enrollments {"service":"igtihad-api","method":"GET","url":"/api/students/02590459-302f-4d2a-8dd1-105e42bdcab4/enrollments","status":304,"duration":"3ms"}
[2026-05-04 05:28:45] INFO: GET /api/students/02590459-302f-4d2a-8dd1-105e42bdcab4/progress-by-course {"service":"igtihad-api","method":"GET","url":"/api/students/02590459-302f-4d2a-8dd1-105e42bdcab4/progress-by-course","status":304,"duration":"3ms"}
[2026-05-04 05:28:45] INFO: GET /api/students/02590459-302f-4d2a-8dd1-105e42bdcab4/enrollments {"service":"igtihad-api","method":"GET","url":"/api/students/02590459-302f-4d2a-8dd1-105e42bdcab4/enrollments","status":304,"duration":"3ms"}
[2026-05-04 05:28:45] INFO: GET /api/students/02590459-302f-4d2a-8dd1-105e42bdcab4/progress-by-course {"service":"igtihad-api","method":"GET","url":"/api/students/02590459-302f-4d2a-8dd1-105e42bdcab4/progress-by-course","status":304,"duration":"4ms"}
[2026-05-04 05:29:17] INFO: 🚀 Server is running on http://0.0.0.0:5000 {"service":"igtihad-api"}
[2026-05-04 05:29:31] INFO: GET /api/auth/me {"service":"igtihad-api","method":"GET","url":"/api/auth/me","status":200,"duration":"13ms"}
[2026-05-04 05:29:31] WARN: GET /api/admin/dashboard {"service":"igtihad-api","method":"GET","url":"/api/admin/dashboard","status":403,"duration":"4ms"}
[2026-05-04 05:29:31] INFO: GET /api/courses {"service":"igtihad-api","method":"GET","url":"/api/courses","status":304,"duration":"2ms"}
[2026-05-04 05:29:31] WARN: GET /api/admin/codes {"service":"igtihad-api","method":"GET","url":"/api/admin/codes","status":403,"duration":"8ms"}
[2026-05-04 05:29:32] WARN: GET /api/admin/dashboard {"service":"igtihad-api","method":"GET","url":"/api/admin/dashboard","status":403,"duration":"1ms"}
[2026-05-04 05:29:32] WARN: GET /api/admin/codes {"service":"igtihad-api","method":"GET","url":"/api/admin/codes","status":403,"duration":"1ms"}
[2026-05-04 05:29:32] INFO: GET /api/courses {"service":"igtihad-api","method":"GET","url":"/api/courses","status":304,"duration":"6ms"}
[2026-05-04 05:29:34] INFO: GET /api/courses {"service":"igtihad-api","method":"GET","url":"/api/courses","status":304,"duration":"2ms"}
[2026-05-04 05:29:35] WARN: GET /api/public/settings {"service":"igtihad-api","method":"GET","url":"/api/public/settings","status":404,"duration":"2ms"}
[2026-05-04 05:29:37] INFO: GET /api/courses/1 {"service":"igtihad-api","method":"GET","url":"/api/courses/1","status":200,"duration":"2ms"}
[2026-05-04 05:29:37] INFO: GET /api/courses/1/units {"service":"igtihad-api","method":"GET","url":"/api/courses/1/units","status":304,"duration":"4ms"}
[2026-05-04 05:29:37] INFO: GET /api/courses/units/1/lessons {"service":"igtihad-api","method":"GET","url":"/api/courses/units/1/lessons","status":304,"duration":"4ms"}
[2026-05-04 05:29:40] WARN: GET /api/public/settings {"service":"igtihad-api","method":"GET","url":"/api/public/settings","status":404,"duration":"1ms"}
[2026-05-04 05:29:40] INFO: GET /api/courses {"service":"igtihad-api","method":"GET","url":"/api/courses","status":304,"duration":"3ms"}
[2026-05-04 05:29:47] ERROR: Only images and PDF files are allowed! {"service":"igtihad-api"}
Error: Only images and PDF files are allowed!
    at fileFilter (D:\الملفات اللي كانت علي ويندوز\موقع الاستاذ احمد 2 - Copy\lms-platform\server\src\routes\upload.ts:38:23)
    at wrappedFileFilter (D:\الملفات اللي كانت علي ويندوز\موقع الاستاذ احمد 2 - Copy\lms-platform\server\node_modules\multer\index.js:44:7)
    at Multipart.<anonymous> (D:\الملفات اللي كانت علي ويندوز\موقع الاستاذ احمد 2 - Copy\lms-platform\server\node_modules\multer\lib\make-middleware.js:109:7)
    at Multipart.emit (node:events:508:28)
    at HeaderParser.cb (D:\الملفات اللي كانت علي ويندوز\موقع الاستاذ احمد 2 - Copy\lms-platform\server\node_modules\busboy\lib\types\multipart.js:358:14)
    at HeaderParser.push (D:\الملفات اللي كانت علي ويندوز\موقع الاستاذ احمد 2 - Copy\lms-platform\server\node_modules\busboy\lib\types\multipart.js:162:20)
    at SBMH.ssCb [as _cb] (D:\الملفات اللي كانت علي ويندوز\موقع الاستاذ احمد 2 - Copy\lms-platform\server\node_modules\busboy\lib\types\multipart.js:394:37)
    at feed (D:\الملفات اللي كانت علي ويندوز\موقع الاستاذ احمد 2 - Copy\lms-platform\server\node_modules\streamsearch\lib\sbmh.js:219:14)
    at SBMH.push (D:\الملفات اللي كانت علي ويندوز\موقع الاستاذ احمد 2 - Copy\lms-platform\server\node_modules\streamsearch\lib\sbmh.js:104:16)
    at Multipart._write (D:\الملفات اللي كانت علي ويندوز\موقع الاستاذ احمد 2 - Copy\lms-platform\server\node_modules\busboy\lib\types\multipart.js:567:19)
[2026-05-04 05:29:47] ERROR: POST /api/upload {"service":"igtihad-api","method":"POST","url":"/api/upload","status":500,"duration":"12ms"}
[2026-05-04 05:31:13] INFO: GET /api/auth/me {"service":"igtihad-api","method":"GET","url":"/api/auth/me","status":304,"duration":"3ms"}
[2026-05-04 05:31:13] INFO: GET /api/students/02590459-302f-4d2a-8dd1-105e42bdcab4/enrollments {"service":"igtihad-api","method":"GET","url":"/api/students/02590459-302f-4d2a-8dd1-105e42bdcab4/enrollments","status":304,"duration":"7ms"}
[2026-05-04 05:31:13] INFO: GET /api/students/02590459-302f-4d2a-8dd1-105e42bdcab4/notifications {"service":"igtihad-api","method":"GET","url":"/api/students/02590459-302f-4d2a-8dd1-105e42bdcab4/notifications","status":304,"duration":"5ms"}
[2026-05-04 05:31:13] INFO: GET /api/students/02590459-302f-4d2a-8dd1-105e42bdcab4/progress {"service":"igtihad-api","method":"GET","url":"/api/students/02590459-302f-4d2a-8dd1-105e42bdcab4/progress","status":304,"duration":"3ms"}
[2026-05-04 05:31:13] INFO: GET /api/students/02590459-302f-4d2a-8dd1-105e42bdcab4/progress-by-course {"service":"igtihad-api","method":"GET","url":"/api/students/02590459-302f-4d2a-8dd1-105e42bdcab4/progress-by-course","status":304,"duration":"6ms"}
[2026-05-04 05:31:13] INFO: GET /api/quizzes {"service":"igtihad-api","method":"GET","url":"/api/quizzes","status":304,"duration":"3ms"}
[2026-05-04 05:31:13] INFO: GET /api/quizzes/results/student/02590459-302f-4d2a-8dd1-105e42bdcab4 {"service":"igtihad-api","method":"GET","url":"/api/quizzes/results/student/02590459-302f-4d2a-8dd1-105e42bdcab4","status":304,"duration":"4ms"}
[2026-05-04 05:31:13] INFO: GET /api/students/02590459-302f-4d2a-8dd1-105e42bdcab4/enrollments {"service":"igtihad-api","method":"GET","url":"/api/students/02590459-302f-4d2a-8dd1-105e42bdcab4/enrollments","status":304,"duration":"3ms"}
[2026-05-04 05:31:13] INFO: GET /api/students/02590459-302f-4d2a-8dd1-105e42bdcab4/notifications {"service":"igtihad-api","method":"GET","url":"/api/students/02590459-302f-4d2a-8dd1-105e42bdcab4/notifications","status":304,"duration":"4ms"}
[2026-05-04 05:31:13] INFO: GET /api/students/02590459-302f-4d2a-8dd1-105e42bdcab4/progress {"service":"igtihad-api","method":"GET","url":"/api/students/02590459-302f-4d2a-8dd1-105e42bdcab4/progress","status":304,"duration":"3ms"}
[2026-05-04 05:31:13] INFO: GET /api/students/02590459-302f-4d2a-8dd1-105e42bdcab4/progress-by-course {"service":"igtihad-api","method":"GET","url":"/api/students/02590459-302f-4d2a-8dd1-105e42bdcab4/progress-by-course","status":304,"duration":"3ms"}
[2026-05-04 05:31:13] INFO: GET /api/quizzes {"service":"igtihad-api","method":"GET","url":"/api/quizzes","status":304,"duration":"3ms"}
[2026-05-04 05:31:13] INFO: GET /api/quizzes/results/student/02590459-302f-4d2a-8dd1-105e42bdcab4 {"service":"igtihad-api","method":"GET","url":"/api/quizzes/results/student/02590459-302f-4d2a-8dd1-105e42bdcab4","status":304,"duration":"5ms"}
[2026-05-04 05:31:13] INFO: GET /uploads/1777861320156-297676208.jpg {"service":"igtihad-api","method":"GET","url":"/uploads/1777861320156-297676208.jpg","status":304,"duration":"6ms"}
[2026-05-04 05:31:13] INFO: GET /uploads/1777835508816-421701095.png {"service":"igtihad-api","method":"GET","url":"/uploads/1777835508816-421701095.png","status":304,"duration":"2ms"}
[2026-05-04 05:31:19] INFO: GET /api/health {"service":"igtihad-api","method":"GET","url":"/api/health","status":304,"duration":"0ms"}
[2026-05-04 05:31:23] INFO: GET /api/health {"service":"igtihad-api","method":"GET","url":"/api/health","status":304,"duration":"1ms"}
[2026-05-04 05:31:23] INFO: POST /api/auth/login {"service":"igtihad-api","method":"POST","url":"/api/auth/login","status":200,"duration":"100ms"}
[2026-05-04 05:31:23] INFO: GET /api/courses {"service":"igtihad-api","method":"GET","url":"/api/courses","status":304,"duration":"3ms"}
[2026-05-04 05:31:23] INFO: GET /api/admin/codes {"service":"igtihad-api","method":"GET","url":"/api/admin/codes","status":200,"duration":"5ms"}
[2026-05-04 05:31:23] INFO: GET /api/admin/dashboard {"service":"igtihad-api","method":"GET","url":"/api/admin/dashboard","status":200,"duration":"14ms"}
[2026-05-04 05:31:24] INFO: GET /api/courses {"service":"igtihad-api","method":"GET","url":"/api/courses","status":304,"duration":"2ms"}
[2026-05-04 05:31:24] INFO: GET /api/admin/codes {"service":"igtihad-api","method":"GET","url":"/api/admin/codes","status":304,"duration":"3ms"}
[2026-05-04 05:31:24] INFO: GET /api/admin/dashboard {"service":"igtihad-api","method":"GET","url":"/api/admin/dashboard","status":304,"duration":"8ms"}
[2026-05-04 05:31:25] INFO: GET /api/courses {"service":"igtihad-api","method":"GET","url":"/api/courses","status":304,"duration":"1ms"}
[2026-05-04 05:31:26] INFO: GET /api/courses {"service":"igtihad-api","method":"GET","url":"/api/courses","status":304,"duration":"2ms"}
[2026-05-04 05:31:26] WARN: GET /api/public/settings {"service":"igtihad-api","method":"GET","url":"/api/public/settings","status":404,"duration":"1ms"}
[2026-05-04 05:31:28] INFO: GET /api/courses/1 {"service":"igtihad-api","method":"GET","url":"/api/courses/1","status":304,"duration":"2ms"}
[2026-05-04 05:31:28] INFO: GET /api/courses/1/units {"service":"igtihad-api","method":"GET","url":"/api/courses/1/units","status":304,"duration":"1ms"}
[2026-05-04 05:31:28] INFO: GET /api/courses/units/1/lessons {"service":"igtihad-api","method":"GET","url":"/api/courses/units/1/lessons","status":304,"duration":"2ms"}
[2026-05-04 05:31:31] WARN: GET /api/public/settings {"service":"igtihad-api","method":"GET","url":"/api/public/settings","status":404,"duration":"1ms"}
[2026-05-04 05:31:31] INFO: GET /api/courses {"service":"igtihad-api","method":"GET","url":"/api/courses","status":304,"duration":"2ms"}
[2026-05-04 05:31:40] ERROR: Only images and PDF files are allowed! {"service":"igtihad-api"}
Error: Only images and PDF files are allowed!
    at fileFilter (D:\الملفات اللي كانت علي ويندوز\موقع الاستاذ احمد 2 - Copy\lms-platform\server\src\routes\upload.ts:38:23)
    at wrappedFileFilter (D:\الملفات اللي كانت علي ويندوز\موقع الاستاذ احمد 2 - Copy\lms-platform\server\node_modules\multer\index.js:44:7)
    at Multipart.<anonymous> (D:\الملفات اللي كانت علي ويندوز\موقع الاستاذ احمد 2 - Copy\lms-platform\server\node_modules\multer\lib\make-middleware.js:109:7)
    at Multipart.emit (node:events:508:28)
    at HeaderParser.cb (D:\الملفات اللي كانت علي ويندوز\موقع الاستاذ احمد 2 - Copy\lms-platform\server\node_modules\busboy\lib\types\multipart.js:358:14)
    at HeaderParser.push (D:\الملفات اللي كانت علي ويندوز\موقع الاستاذ احمد 2 - Copy\lms-platform\server\node_modules\busboy\lib\types\multipart.js:162:20)
    at SBMH.ssCb [as _cb] (D:\الملفات اللي كانت علي ويندوز\موقع الاستاذ احمد 2 - Copy\lms-platform\server\node_modules\busboy\lib\types\multipart.js:394:37)
    at feed (D:\الملفات اللي كانت علي ويندوز\موقع الاستاذ احمد 2 - Copy\lms-platform\server\node_modules\streamsearch\lib\sbmh.js:219:14)
    at SBMH.push (D:\الملفات اللي كانت علي ويندوز\موقع الاستاذ احمد 2 - Copy\lms-platform\server\node_modules\streamsearch\lib\sbmh.js:104:16)
    at Multipart._write (D:\الملفات اللي كانت علي ويندوز\موقع الاستاذ احمد 2 - Copy\lms-platform\server\node_modules\busboy\lib\types\multipart.js:567:19)
[2026-05-04 05:31:40] ERROR: POST /api/upload {"service":"igtihad-api","method":"POST","url":"/api/upload","status":500,"duration":"3ms"}
[2026-05-04 05:32:45] INFO: GET /api/auth/me {"service":"igtihad-api","method":"GET","url":"/api/auth/me","status":200,"duration":"2ms"}
[2026-05-04 05:32:45] INFO: GET /api/students/02590459-302f-4d2a-8dd1-105e42bdcab4/enrollments {"service":"igtihad-api","method":"GET","url":"/api/students/02590459-302f-4d2a-8dd1-105e42bdcab4/enrollments","status":304,"duration":"2ms"}
[2026-05-04 05:32:45] INFO: GET /api/students/02590459-302f-4d2a-8dd1-105e42bdcab4/notifications {"service":"igtihad-api","method":"GET","url":"/api/students/02590459-302f-4d2a-8dd1-105e42bdcab4/notifications","status":304,"duration":"5ms"}
[2026-05-04 05:32:45] INFO: GET /uploads/1777861320156-297676208.jpg {"service":"igtihad-api","method":"GET","url":"/uploads/1777861320156-297676208.jpg","status":304,"duration":"4ms"}
[2026-05-04 05:32:45] INFO: GET /api/students/02590459-302f-4d2a-8dd1-105e42bdcab4/progress {"service":"igtihad-api","method":"GET","url":"/api/students/02590459-302f-4d2a-8dd1-105e42bdcab4/progress","status":304,"duration":"3ms"}
[2026-05-04 05:32:45] INFO: GET /api/students/02590459-302f-4d2a-8dd1-105e42bdcab4/progress-by-course {"service":"igtihad-api","method":"GET","url":"/api/students/02590459-302f-4d2a-8dd1-105e42bdcab4/progress-by-course","status":304,"duration":"3ms"}
[2026-05-04 05:32:45] INFO: GET /api/quizzes {"service":"igtihad-api","method":"GET","url":"/api/quizzes","status":304,"duration":"2ms"}
[2026-05-04 05:32:45] INFO: GET /api/quizzes/results/student/02590459-302f-4d2a-8dd1-105e42bdcab4 {"service":"igtihad-api","method":"GET","url":"/api/quizzes/results/student/02590459-302f-4d2a-8dd1-105e42bdcab4","status":304,"duration":"5ms"}
[2026-05-04 05:32:45] INFO: GET /api/students/02590459-302f-4d2a-8dd1-105e42bdcab4/enrollments {"service":"igtihad-api","method":"GET","url":"/api/students/02590459-302f-4d2a-8dd1-105e42bdcab4/enrollments","status":304,"duration":"3ms"}
[2026-05-04 05:32:45] INFO: GET /api/students/02590459-302f-4d2a-8dd1-105e42bdcab4/notifications {"service":"igtihad-api","method":"GET","url":"/api/students/02590459-302f-4d2a-8dd1-105e42bdcab4/notifications","status":304,"duration":"3ms"}
[2026-05-04 05:32:45] INFO: GET /api/students/02590459-302f-4d2a-8dd1-105e42bdcab4/progress {"service":"igtihad-api","method":"GET","url":"/api/students/02590459-302f-4d2a-8dd1-105e42bdcab4/progress","status":304,"duration":"3ms"}
[2026-05-04 05:32:45] INFO: GET /uploads/1777835508816-421701095.png {"service":"igtihad-api","method":"GET","url":"/uploads/1777835508816-421701095.png","status":304,"duration":"3ms"}
[2026-05-04 05:32:45] INFO: GET /api/students/02590459-302f-4d2a-8dd1-105e42bdcab4/progress-by-course {"service":"igtihad-api","method":"GET","url":"/api/students/02590459-302f-4d2a-8dd1-105e42bdcab4/progress-by-course","status":304,"duration":"5ms"}
[2026-05-04 05:32:45] INFO: GET /api/quizzes {"service":"igtihad-api","method":"GET","url":"/api/quizzes","status":304,"duration":"2ms"}
[2026-05-04 05:32:45] INFO: GET /api/quizzes/results/student/02590459-302f-4d2a-8dd1-105e42bdcab4 {"service":"igtihad-api","method":"GET","url":"/api/quizzes/results/student/02590459-302f-4d2a-8dd1-105e42bdcab4","status":304,"duration":"4ms"}
[2026-05-04 05:32:49] INFO: GET /api/health {"service":"igtihad-api","method":"GET","url":"/api/health","status":304,"duration":"1ms"}
[2026-05-04 05:32:52] INFO: GET /api/health {"service":"igtihad-api","method":"GET","url":"/api/health","status":304,"duration":"1ms"}
[2026-05-04 05:32:52] INFO: POST /api/auth/login {"service":"igtihad-api","method":"POST","url":"/api/auth/login","status":200,"duration":"72ms"}
[2026-05-04 05:32:52] INFO: GET /api/courses {"service":"igtihad-api","method":"GET","url":"/api/courses","status":304,"duration":"2ms"}
[2026-05-04 05:32:52] INFO: GET /api/admin/codes {"service":"igtihad-api","method":"GET","url":"/api/admin/codes","status":304,"duration":"3ms"}
[2026-05-04 05:32:52] INFO: GET /api/admin/dashboard {"service":"igtihad-api","method":"GET","url":"/api/admin/dashboard","status":304,"duration":"10ms"}
[2026-05-04 05:32:53] INFO: GET /api/admin/codes {"service":"igtihad-api","method":"GET","url":"/api/admin/codes","status":304,"duration":"1ms"}
[2026-05-04 05:32:53] INFO: GET /api/courses {"service":"igtihad-api","method":"GET","url":"/api/courses","status":304,"duration":"2ms"}
[2026-05-04 05:32:53] INFO: GET /api/admin/dashboard {"service":"igtihad-api","method":"GET","url":"/api/admin/dashboard","status":304,"duration":"5ms"}
[2026-05-04 05:32:54] INFO: GET /api/students/qa/all {"service":"igtihad-api","method":"GET","url":"/api/students/qa/all","status":304,"duration":"4ms"}
[2026-05-04 05:32:55] INFO: GET /api/courses {"service":"igtihad-api","method":"GET","url":"/api/courses","status":304,"duration":"5ms"}
[2026-05-04 05:32:55] WARN: GET /api/public/settings {"service":"igtihad-api","method":"GET","url":"/api/public/settings","status":404,"duration":"2ms"}
[2026-05-04 05:33:02] ERROR: Only images and PDF files are allowed! {"service":"igtihad-api"}
Error: Only images and PDF files are allowed!
    at fileFilter (D:\الملفات اللي كانت علي ويندوز\موقع الاستاذ احمد 2 - Copy\lms-platform\server\src\routes\upload.ts:38:23)
    at wrappedFileFilter (D:\الملفات اللي كانت علي ويندوز\موقع الاستاذ احمد 2 - Copy\lms-platform\server\node_modules\multer\index.js:44:7)
    at Multipart.<anonymous> (D:\الملفات اللي كانت علي ويندوز\موقع الاستاذ احمد 2 - Copy\lms-platform\server\node_modules\multer\lib\make-middleware.js:109:7)
    at Multipart.emit (node:events:508:28)
    at HeaderParser.cb (D:\الملفات اللي كانت علي ويندوز\موقع الاستاذ احمد 2 - Copy\lms-platform\server\node_modules\busboy\lib\types\multipart.js:358:14)
    at HeaderParser.push (D:\الملفات اللي كانت علي ويندوز\موقع الاستاذ احمد 2 - Copy\lms-platform\server\node_modules\busboy\lib\types\multipart.js:162:20)
    at SBMH.ssCb [as _cb] (D:\الملفات اللي كانت علي ويندوز\موقع الاستاذ احمد 2 - Copy\lms-platform\server\node_modules\busboy\lib\types\multipart.js:394:37)
    at feed (D:\الملفات اللي كانت علي ويندوز\موقع الاستاذ احمد 2 - Copy\lms-platform\server\node_modules\streamsearch\lib\sbmh.js:219:14)
    at SBMH.push (D:\الملفات اللي كانت علي ويندوز\موقع الاستاذ احمد 2 - Copy\lms-platform\server\node_modules\streamsearch\lib\sbmh.js:104:16)
    at Multipart._write (D:\الملفات اللي كانت علي ويندوز\موقع الاستاذ احمد 2 - Copy\lms-platform\server\node_modules\busboy\lib\types\multipart.js:567:19)
[2026-05-04 05:33:02] ERROR: POST /api/upload {"service":"igtihad-api","method":"POST","url":"/api/upload","status":500,"duration":"3ms"}
[2026-05-04 05:33:17] INFO: GET /api/auth/me {"service":"igtihad-api","method":"GET","url":"/api/auth/me","status":304,"duration":"2ms"}
[2026-05-04 05:33:17] WARN: GET /api/public/settings {"service":"igtihad-api","method":"GET","url":"/api/public/settings","status":404,"duration":"1ms"}
[2026-05-04 05:33:17] INFO: GET /api/courses {"service":"igtihad-api","method":"GET","url":"/api/courses","status":304,"duration":"3ms"}
[2026-05-04 05:33:37] WARN: GET /api/public/settings {"service":"igtihad-api","method":"GET","url":"/api/public/settings","status":404,"duration":"1ms"}
[2026-05-04 05:33:37] INFO: GET /api/courses {"service":"igtihad-api","method":"GET","url":"/api/courses","status":304,"duration":"1ms"}
[2026-05-04 05:33:53] INFO: GET /api/auth/me {"service":"igtihad-api","method":"GET","url":"/api/auth/me","status":304,"duration":"2ms"}
[2026-05-04 05:33:53] INFO: GET /api/courses {"service":"igtihad-api","method":"GET","url":"/api/courses","status":304,"duration":"2ms"}
[2026-05-04 05:33:53] WARN: GET /api/public/settings {"service":"igtihad-api","method":"GET","url":"/api/public/settings","status":404,"duration":"1ms"}
[2026-05-04 05:33:59] WARN: POST /api/upload {"service":"igtihad-api","method":"POST","url":"/api/upload","status":400,"duration":"1ms"}
[2026-05-04 05:34:36] INFO: GET /api/auth/me {"service":"igtihad-api","method":"GET","url":"/api/auth/me","status":304,"duration":"2ms"}
[2026-05-04 05:34:36] INFO: GET /api/courses {"service":"igtihad-api","method":"GET","url":"/api/courses","status":304,"duration":"1ms"}
[2026-05-04 05:34:36] WARN: GET /api/public/settings {"service":"igtihad-api","method":"GET","url":"/api/public/settings","status":404,"duration":"1ms"}
[2026-05-04 05:34:52] INFO: GET /api/auth/me {"service":"igtihad-api","method":"GET","url":"/api/auth/me","status":304,"duration":"2ms"}
[2026-05-04 05:34:52] WARN: GET /api/public/settings {"service":"igtihad-api","method":"GET","url":"/api/public/settings","status":404,"duration":"2ms"}
[2026-05-04 05:34:52] INFO: GET /api/courses {"service":"igtihad-api","method":"GET","url":"/api/courses","status":304,"duration":"4ms"}
[2026-05-04 05:35:02] INFO: GET /api/auth/me {"service":"igtihad-api","method":"GET","url":"/api/auth/me","status":304,"duration":"1ms"}
[2026-05-04 05:35:02] WARN: GET /api/public/settings {"service":"igtihad-api","method":"GET","url":"/api/public/settings","status":404,"duration":"0ms"}
[2026-05-04 05:35:02] INFO: GET /api/courses {"service":"igtihad-api","method":"GET","url":"/api/courses","status":304,"duration":"1ms"}
[2026-05-04 05:35:16] ERROR: Only images and PDF files are allowed! {"service":"igtihad-api"}
Error: Only images and PDF files are allowed!
    at fileFilter (D:\الملفات اللي كانت علي ويندوز\موقع الاستاذ احمد 2 - Copy\lms-platform\server\src\routes\upload.ts:38:23)
    at wrappedFileFilter (D:\الملفات اللي كانت علي ويندوز\موقع الاستاذ احمد 2 - Copy\lms-platform\server\node_modules\multer\index.js:44:7)
    at Multipart.<anonymous> (D:\الملفات اللي كانت علي ويندوز\موقع الاستاذ احمد 2 - Copy\lms-platform\server\node_modules\multer\lib\make-middleware.js:109:7)
    at Multipart.emit (node:events:508:28)
    at HeaderParser.cb (D:\الملفات اللي كانت علي ويندوز\موقع الاستاذ احمد 2 - Copy\lms-platform\server\node_modules\busboy\lib\types\multipart.js:358:14)
    at HeaderParser.push (D:\الملفات اللي كانت علي ويندوز\موقع الاستاذ احمد 2 - Copy\lms-platform\server\node_modules\busboy\lib\types\multipart.js:162:20)
    at SBMH.ssCb [as _cb] (D:\الملفات اللي كانت علي ويندوز\موقع الاستاذ احمد 2 - Copy\lms-platform\server\node_modules\busboy\lib\types\multipart.js:394:37)
    at feed (D:\الملفات اللي كانت علي ويندوز\موقع الاستاذ احمد 2 - Copy\lms-platform\server\node_modules\streamsearch\lib\sbmh.js:219:14)
    at SBMH.push (D:\الملفات اللي كانت علي ويندوز\موقع الاستاذ احمد 2 - Copy\lms-platform\server\node_modules\streamsearch\lib\sbmh.js:104:16)
    at Multipart._write (D:\الملفات اللي كانت علي ويندوز\موقع الاستاذ احمد 2 - Copy\lms-platform\server\node_modules\busboy\lib\types\multipart.js:567:19)
[2026-05-04 05:35:16] ERROR: POST /api/upload {"service":"igtihad-api","method":"POST","url":"/api/upload","status":500,"duration":"2ms"}
[2026-05-04 05:35:34] INFO: GET /api/auth/me {"service":"igtihad-api","method":"GET","url":"/api/auth/me","status":304,"duration":"1ms"}
[2026-05-04 05:35:35] INFO: GET /api/courses {"service":"igtihad-api","method":"GET","url":"/api/courses","status":304,"duration":"2ms"}
[2026-05-04 05:35:35] WARN: GET /api/public/settings {"service":"igtihad-api","method":"GET","url":"/api/public/settings","status":404,"duration":"1ms"}
[2026-05-04 05:35:37] INFO: GET /api/auth/me {"service":"igtihad-api","method":"GET","url":"/api/auth/me","status":304,"duration":"1ms"}
[2026-05-04 05:35:37] INFO: GET /api/courses {"service":"igtihad-api","method":"GET","url":"/api/courses","status":304,"duration":"1ms"}
[2026-05-04 05:35:37] WARN: GET /api/public/settings {"service":"igtihad-api","method":"GET","url":"/api/public/settings","status":404,"duration":"2ms"}
[2026-05-04 05:35:44] ERROR: Only images and PDF files are allowed! {"service":"igtihad-api"}
Error: Only images and PDF files are allowed!
    at fileFilter (D:\الملفات اللي كانت علي ويندوز\موقع الاستاذ احمد 2 - Copy\lms-platform\server\src\routes\upload.ts:38:23)
    at wrappedFileFilter (D:\الملفات اللي كانت علي ويندوز\موقع الاستاذ احمد 2 - Copy\lms-platform\server\node_modules\multer\index.js:44:7)
    at Multipart.<anonymous> (D:\الملفات اللي كانت علي ويندوز\موقع الاستاذ احمد 2 - Copy\lms-platform\server\node_modules\multer\lib\make-middleware.js:109:7)
    at Multipart.emit (node:events:508:28)
    at HeaderParser.cb (D:\الملفات اللي كانت علي ويندوز\موقع الاستاذ احمد 2 - Copy\lms-platform\server\node_modules\busboy\lib\types\multipart.js:358:14)
    at HeaderParser.push (D:\الملفات اللي كانت علي ويندوز\موقع الاستاذ احمد 2 - Copy\lms-platform\server\node_modules\busboy\lib\types\multipart.js:162:20)
    at SBMH.ssCb [as _cb] (D:\الملفات اللي كانت علي ويندوز\موقع الاستاذ احمد 2 - Copy\lms-platform\server\node_modules\busboy\lib\types\multipart.js:394:37)
    at feed (D:\الملفات اللي كانت علي ويندوز\موقع الاستاذ احمد 2 - Copy\lms-platform\server\node_modules\streamsearch\lib\sbmh.js:219:14)
    at SBMH.push (D:\الملفات اللي كانت علي ويندوز\موقع الاستاذ احمد 2 - Copy\lms-platform\server\node_modules\streamsearch\lib\sbmh.js:104:16)
    at Multipart._write (D:\الملفات اللي كانت علي ويندوز\موقع الاستاذ احمد 2 - Copy\lms-platform\server\node_modules\busboy\lib\types\multipart.js:567:19)
[2026-05-04 05:35:44] ERROR: POST /api/upload {"service":"igtihad-api","method":"POST","url":"/api/upload","status":500,"duration":"4ms"}
[2026-05-04 05:37:34] INFO: 🚀 Server is running on http://0.0.0.0:5000 {"service":"igtihad-api"}
[2026-05-04 05:37:46] INFO: 🚀 Server is running on http://0.0.0.0:5000 {"service":"igtihad-api"}
[2026-05-04 05:37:54] INFO: GET /api/auth/me {"service":"igtihad-api","method":"GET","url":"/api/auth/me","status":304,"duration":"91ms"}
[2026-05-04 05:37:54] INFO: GET /api/courses {"service":"igtihad-api","method":"GET","url":"/api/courses","status":304,"duration":"8ms"}
[2026-05-04 05:37:54] WARN: GET /api/public/settings {"service":"igtihad-api","method":"GET","url":"/api/public/settings","status":404,"duration":"5ms"}
[2026-05-04 05:38:02] ERROR: Only images and PDF files are allowed! {"service":"igtihad-api"}
Error: Only images and PDF files are allowed!
    at fileFilter (D:\الملفات اللي كانت علي ويندوز\موقع الاستاذ احمد 2 - Copy\lms-platform\server\src\routes\upload.ts:38:23)
    at wrappedFileFilter (D:\الملفات اللي كانت علي ويندوز\موقع الاستاذ احمد 2 - Copy\lms-platform\server\node_modules\multer\index.js:44:7)
    at Multipart.<anonymous> (D:\الملفات اللي كانت علي ويندوز\موقع الاستاذ احمد 2 - Copy\lms-platform\server\node_modules\multer\lib\make-middleware.js:109:7)
    at Multipart.emit (node:events:508:28)
    at HeaderParser.cb (D:\الملفات اللي كانت علي ويندوز\موقع الاستاذ احمد 2 - Copy\lms-platform\server\node_modules\busboy\lib\types\multipart.js:358:14)
    at HeaderParser.push (D:\الملفات اللي كانت علي ويندوز\موقع الاستاذ احمد 2 - Copy\lms-platform\server\node_modules\busboy\lib\types\multipart.js:162:20)
    at SBMH.ssCb [as _cb] (D:\الملفات اللي كانت علي ويندوز\موقع الاستاذ احمد 2 - Copy\lms-platform\server\node_modules\busboy\lib\types\multipart.js:394:37)
    at feed (D:\الملفات اللي كانت علي ويندوز\موقع الاستاذ احمد 2 - Copy\lms-platform\server\node_modules\streamsearch\lib\sbmh.js:219:14)
    at SBMH.push (D:\الملفات اللي كانت علي ويندوز\موقع الاستاذ احمد 2 - Copy\lms-platform\server\node_modules\streamsearch\lib\sbmh.js:104:16)
    at Multipart._write (D:\الملفات اللي كانت علي ويندوز\موقع الاستاذ احمد 2 - Copy\lms-platform\server\node_modules\busboy\lib\types\multipart.js:567:19)
[2026-05-04 05:38:02] ERROR: POST /api/upload {"service":"igtihad-api","method":"POST","url":"/api/upload","status":500,"duration":"18ms"}
[2026-05-04 05:38:22] INFO: POST /api/upload {"service":"igtihad-api","method":"POST","url":"/api/upload","status":200,"duration":"7ms"}
[2026-05-04 05:38:28] ERROR: Only images and PDF files are allowed! {"service":"igtihad-api"}
Error: Only images and PDF files are allowed!
    at fileFilter (D:\الملفات اللي كانت علي ويندوز\موقع الاستاذ احمد 2 - Copy\lms-platform\server\src\routes\upload.ts:38:23)
    at wrappedFileFilter (D:\الملفات اللي كانت علي ويندوز\موقع الاستاذ احمد 2 - Copy\lms-platform\server\node_modules\multer\index.js:44:7)
    at Multipart.<anonymous> (D:\الملفات اللي كانت علي ويندوز\موقع الاستاذ احمد 2 - Copy\lms-platform\server\node_modules\multer\lib\make-middleware.js:109:7)
    at Multipart.emit (node:events:508:28)
    at HeaderParser.cb (D:\الملفات اللي كانت علي ويندوز\موقع الاستاذ احمد 2 - Copy\lms-platform\server\node_modules\busboy\lib\types\multipart.js:358:14)
    at HeaderParser.push (D:\الملفات اللي كانت علي ويندوز\موقع الاستاذ احمد 2 - Copy\lms-platform\server\node_modules\busboy\lib\types\multipart.js:162:20)
    at SBMH.ssCb [as _cb] (D:\الملفات اللي كانت علي ويندوز\موقع الاستاذ احمد 2 - Copy\lms-platform\server\node_modules\busboy\lib\types\multipart.js:394:37)
    at feed (D:\الملفات اللي كانت علي ويندوز\موقع الاستاذ احمد 2 - Copy\lms-platform\server\node_modules\streamsearch\lib\sbmh.js:219:14)
    at SBMH.push (D:\الملفات اللي كانت علي ويندوز\موقع الاستاذ احمد 2 - Copy\lms-platform\server\node_modules\streamsearch\lib\sbmh.js:104:16)
    at Multipart._write (D:\الملفات اللي كانت علي ويندوز\موقع الاستاذ احمد 2 - Copy\lms-platform\server\node_modules\busboy\lib\types\multipart.js:567:19)
[2026-05-04 05:38:28] ERROR: POST /api/upload {"service":"igtihad-api","method":"POST","url":"/api/upload","status":500,"duration":"3ms"}
[2026-05-04 05:40:39] INFO: 🚀 Server is running on http://0.0.0.0:5000 {"service":"igtihad-api"}
[2026-05-04 05:40:51] INFO: GET /api/auth/me {"service":"igtihad-api","method":"GET","url":"/api/auth/me","status":304,"duration":"18ms"}
[2026-05-04 05:40:51] INFO: GET /api/courses {"service":"igtihad-api","method":"GET","url":"/api/courses","status":304,"duration":"4ms"}
[2026-05-04 05:40:51] WARN: GET /api/public/settings {"service":"igtihad-api","method":"GET","url":"/api/public/settings","status":404,"duration":"6ms"}
[2026-05-04 05:40:59] INFO: POST /api/upload {"service":"igtihad-api","method":"POST","url":"/api/upload","status":200,"duration":"17ms"}
[2026-05-04 05:41:01] INFO: PUT /api/courses/1 {"service":"igtihad-api","method":"PUT","url":"/api/courses/1","status":200,"duration":"38ms"}
[2026-05-04 05:41:01] WARN: GET /api/public/settings {"service":"igtihad-api","method":"GET","url":"/api/public/settings","status":404,"duration":"2ms"}
[2026-05-04 05:41:01] INFO: GET /api/courses {"service":"igtihad-api","method":"GET","url":"/api/courses","status":200,"duration":"8ms"}
[2026-05-04 05:41:03] INFO: GET /api/auth/me {"service":"igtihad-api","method":"GET","url":"/api/auth/me","status":304,"duration":"2ms"}
[2026-05-04 05:41:03] INFO: GET /api/courses {"service":"igtihad-api","method":"GET","url":"/api/courses","status":304,"duration":"1ms"}
[2026-05-04 05:41:03] WARN: GET /api/public/settings {"service":"igtihad-api","method":"GET","url":"/api/public/settings","status":404,"duration":"2ms"}
[2026-05-04 05:41:07] INFO: GET /api/health {"service":"igtihad-api","method":"GET","url":"/api/health","status":304,"duration":"2ms"}
[2026-05-04 05:41:12] INFO: GET /api/health {"service":"igtihad-api","method":"GET","url":"/api/health","status":304,"duration":"1ms"}
[2026-05-04 05:41:13] INFO: POST /api/auth/login {"service":"igtihad-api","method":"POST","url":"/api/auth/login","status":200,"duration":"78ms"}
[2026-05-04 05:41:13] INFO: GET /api/students/02590459-302f-4d2a-8dd1-105e42bdcab4/enrollments {"service":"igtihad-api","method":"GET","url":"/api/students/02590459-302f-4d2a-8dd1-105e42bdcab4/enrollments","status":200,"duration":"10ms"}
[2026-05-04 05:41:13] INFO: GET /api/students/02590459-302f-4d2a-8dd1-105e42bdcab4/enrollments {"service":"igtihad-api","method":"GET","url":"/api/students/02590459-302f-4d2a-8dd1-105e42bdcab4/enrollments","status":304,"duration":"12ms"}
[2026-05-04 05:41:13] INFO: GET /api/students/02590459-302f-4d2a-8dd1-105e42bdcab4/notifications {"service":"igtihad-api","method":"GET","url":"/api/students/02590459-302f-4d2a-8dd1-105e42bdcab4/notifications","status":304,"duration":"11ms"}
[2026-05-04 05:41:13] INFO: GET /api/students/02590459-302f-4d2a-8dd1-105e42bdcab4/notifications {"service":"igtihad-api","method":"GET","url":"/api/students/02590459-302f-4d2a-8dd1-105e42bdcab4/notifications","status":304,"duration":"5ms"}
[2026-05-04 05:41:13] INFO: GET /api/students/02590459-302f-4d2a-8dd1-105e42bdcab4/progress {"service":"igtihad-api","method":"GET","url":"/api/students/02590459-302f-4d2a-8dd1-105e42bdcab4/progress","status":304,"duration":"11ms"}
[2026-05-04 05:41:13] INFO: GET /api/students/02590459-302f-4d2a-8dd1-105e42bdcab4/progress {"service":"igtihad-api","method":"GET","url":"/api/students/02590459-302f-4d2a-8dd1-105e42bdcab4/progress","status":304,"duration":"10ms"}
[2026-05-04 05:41:13] INFO: GET /api/students/02590459-302f-4d2a-8dd1-105e42bdcab4/progress-by-course {"service":"igtihad-api","method":"GET","url":"/api/students/02590459-302f-4d2a-8dd1-105e42bdcab4/progress-by-course","status":304,"duration":"12ms"}
[2026-05-04 05:41:13] INFO: GET /api/students/02590459-302f-4d2a-8dd1-105e42bdcab4/progress-by-course {"service":"igtihad-api","method":"GET","url":"/api/students/02590459-302f-4d2a-8dd1-105e42bdcab4/progress-by-course","status":304,"duration":"5ms"}
[2026-05-04 05:41:13] INFO: GET /api/quizzes {"service":"igtihad-api","method":"GET","url":"/api/quizzes","status":304,"duration":"3ms"}
[2026-05-04 05:41:13] INFO: GET /api/quizzes {"service":"igtihad-api","method":"GET","url":"/api/quizzes","status":304,"duration":"1ms"}
[2026-05-04 05:41:13] INFO: GET /api/quizzes/results/student/02590459-302f-4d2a-8dd1-105e42bdcab4 {"service":"igtihad-api","method":"GET","url":"/api/quizzes/results/student/02590459-302f-4d2a-8dd1-105e42bdcab4","status":304,"duration":"8ms"}
[2026-05-04 05:41:13] INFO: GET /api/quizzes/results/student/02590459-302f-4d2a-8dd1-105e42bdcab4 {"service":"igtihad-api","method":"GET","url":"/api/quizzes/results/student/02590459-302f-4d2a-8dd1-105e42bdcab4","status":304,"duration":"5ms"}
[2026-05-04 05:41:13] INFO: GET /uploads/1777835508816-421701095.png {"service":"igtihad-api","method":"GET","url":"/uploads/1777835508816-421701095.png","status":304,"duration":"12ms"}
[2026-05-04 05:41:19] INFO: GET /api/auth/me {"service":"igtihad-api","method":"GET","url":"/api/auth/me","status":200,"duration":"2ms"}
[2026-05-04 05:41:20] INFO: GET /api/courses {"service":"igtihad-api","method":"GET","url":"/api/courses","status":304,"duration":"2ms"}
[2026-05-04 05:41:20] WARN: GET /api/admin/dashboard {"service":"igtihad-api","method":"GET","url":"/api/admin/dashboard","status":403,"duration":"2ms"}
[2026-05-04 05:41:20] WARN: GET /api/admin/codes {"service":"igtihad-api","method":"GET","url":"/api/admin/codes","status":403,"duration":"2ms"}
[2026-05-04 05:41:21] WARN: GET /api/admin/dashboard {"service":"igtihad-api","method":"GET","url":"/api/admin/dashboard","status":403,"duration":"3ms"}
[2026-05-04 05:41:21] WARN: GET /api/admin/codes {"service":"igtihad-api","method":"GET","url":"/api/admin/codes","status":403,"duration":"1ms"}
[2026-05-04 05:41:21] INFO: GET /api/courses {"service":"igtihad-api","method":"GET","url":"/api/courses","status":304,"duration":"6ms"}
[2026-05-04 05:41:25] INFO: GET /api/health {"service":"igtihad-api","method":"GET","url":"/api/health","status":304,"duration":"2ms"}
[2026-05-04 05:41:28] INFO: GET /api/health {"service":"igtihad-api","method":"GET","url":"/api/health","status":304,"duration":"1ms"}
[2026-05-04 05:41:28] INFO: POST /api/auth/login {"service":"igtihad-api","method":"POST","url":"/api/auth/login","status":200,"duration":"72ms"}
[2026-05-04 05:41:28] INFO: GET /api/students/02590459-302f-4d2a-8dd1-105e42bdcab4/enrollments {"service":"igtihad-api","method":"GET","url":"/api/students/02590459-302f-4d2a-8dd1-105e42bdcab4/enrollments","status":304,"duration":"5ms"}
[2026-05-04 05:41:28] INFO: GET /api/students/02590459-302f-4d2a-8dd1-105e42bdcab4/notifications {"service":"igtihad-api","method":"GET","url":"/api/students/02590459-302f-4d2a-8dd1-105e42bdcab4/notifications","status":304,"duration":"7ms"}
[2026-05-04 05:41:28] INFO: GET /api/students/02590459-302f-4d2a-8dd1-105e42bdcab4/enrollments {"service":"igtihad-api","method":"GET","url":"/api/students/02590459-302f-4d2a-8dd1-105e42bdcab4/enrollments","status":304,"duration":"7ms"}
[2026-05-04 05:41:28] INFO: GET /api/students/02590459-302f-4d2a-8dd1-105e42bdcab4/notifications {"service":"igtihad-api","method":"GET","url":"/api/students/02590459-302f-4d2a-8dd1-105e42bdcab4/notifications","status":304,"duration":"4ms"}
[2026-05-04 05:41:28] INFO: GET /api/students/02590459-302f-4d2a-8dd1-105e42bdcab4/progress {"service":"igtihad-api","method":"GET","url":"/api/students/02590459-302f-4d2a-8dd1-105e42bdcab4/progress","status":304,"duration":"1ms"}
[2026-05-04 05:41:28] INFO: GET /api/students/02590459-302f-4d2a-8dd1-105e42bdcab4/progress {"service":"igtihad-api","method":"GET","url":"/api/students/02590459-302f-4d2a-8dd1-105e42bdcab4/progress","status":304,"duration":"4ms"}
[2026-05-04 05:41:28] INFO: GET /api/students/02590459-302f-4d2a-8dd1-105e42bdcab4/progress-by-course {"service":"igtihad-api","method":"GET","url":"/api/students/02590459-302f-4d2a-8dd1-105e42bdcab4/progress-by-course","status":304,"duration":"4ms"}
[2026-05-04 05:41:28] INFO: GET /api/students/02590459-302f-4d2a-8dd1-105e42bdcab4/progress-by-course {"service":"igtihad-api","method":"GET","url":"/api/students/02590459-302f-4d2a-8dd1-105e42bdcab4/progress-by-course","status":304,"duration":"5ms"}
[2026-05-04 05:41:28] INFO: GET /api/quizzes {"service":"igtihad-api","method":"GET","url":"/api/quizzes","status":304,"duration":"4ms"}
[2026-05-04 05:41:28] INFO: GET /api/quizzes/results/student/02590459-302f-4d2a-8dd1-105e42bdcab4 {"service":"igtihad-api","method":"GET","url":"/api/quizzes/results/student/02590459-302f-4d2a-8dd1-105e42bdcab4","status":304,"duration":"5ms"}
[2026-05-04 05:41:28] INFO: GET /api/quizzes {"service":"igtihad-api","method":"GET","url":"/api/quizzes","status":304,"duration":"12ms"}
[2026-05-04 05:41:28] INFO: GET /uploads/1777862459612-427283874.jfif {"service":"igtihad-api","method":"GET","url":"/uploads/1777862459612-427283874.jfif","status":200,"duration":"16ms"}
[2026-05-04 05:41:28] INFO: GET /api/quizzes/results/student/02590459-302f-4d2a-8dd1-105e42bdcab4 {"service":"igtihad-api","method":"GET","url":"/api/quizzes/results/student/02590459-302f-4d2a-8dd1-105e42bdcab4","status":304,"duration":"9ms"}
[2026-05-04 05:41:32] INFO: GET /api/students/02590459-302f-4d2a-8dd1-105e42bdcab4/progress {"service":"igtihad-api","method":"GET","url":"/api/students/02590459-302f-4d2a-8dd1-105e42bdcab4/progress","status":304,"duration":"22ms"}
[2026-05-04 05:41:32] INFO: GET /api/students/02590459-302f-4d2a-8dd1-105e42bdcab4/progress {"service":"igtihad-api","method":"GET","url":"/api/students/02590459-302f-4d2a-8dd1-105e42bdcab4/progress","status":304,"duration":"6ms"}
[2026-05-04 05:41:32] INFO: GET /api/courses/lessons/1/context {"service":"igtihad-api","method":"GET","url":"/api/courses/lessons/1/context","status":200,"duration":"16ms"}
[2026-05-04 05:41:32] INFO: GET /api/students/qa/lesson/1 {"service":"igtihad-api","method":"GET","url":"/api/students/qa/lesson/1","status":304,"duration":"4ms"}
[2026-05-04 05:41:32] INFO: GET /api/courses/lessons/1/context {"service":"igtihad-api","method":"GET","url":"/api/courses/lessons/1/context","status":304,"duration":"12ms"}
[2026-05-04 05:41:32] INFO: GET /api/students/qa/lesson/1 {"service":"igtihad-api","method":"GET","url":"/api/students/qa/lesson/1","status":304,"duration":"8ms"}
[2026-05-04 05:41:32] INFO: GET /api/students/qa/lesson/1 {"service":"igtihad-api","method":"GET","url":"/api/students/qa/lesson/1","status":304,"duration":"11ms"}
[2026-05-04 05:41:35] INFO: GET /api/students/02590459-302f-4d2a-8dd1-105e42bdcab4/enrollments {"service":"igtihad-api","method":"GET","url":"/api/students/02590459-302f-4d2a-8dd1-105e42bdcab4/enrollments","status":304,"duration":"8ms"}
[2026-05-04 05:41:35] INFO: GET /api/students/02590459-302f-4d2a-8dd1-105e42bdcab4/enrollments {"service":"igtihad-api","method":"GET","url":"/api/students/02590459-302f-4d2a-8dd1-105e42bdcab4/enrollments","status":304,"duration":"4ms"}
[2026-05-04 05:41:35] INFO: GET /api/students/02590459-302f-4d2a-8dd1-105e42bdcab4/progress-by-course {"service":"igtihad-api","method":"GET","url":"/api/students/02590459-302f-4d2a-8dd1-105e42bdcab4/progress-by-course","status":304,"duration":"17ms"}
[2026-05-04 05:41:35] INFO: GET /api/students/02590459-302f-4d2a-8dd1-105e42bdcab4/progress-by-course {"service":"igtihad-api","method":"GET","url":"/api/students/02590459-302f-4d2a-8dd1-105e42bdcab4/progress-by-course","status":304,"duration":"4ms"}
[2026-05-04 05:42:58] WARN: GET /api/public/settings {"service":"igtihad-api","method":"GET","url":"/api/public/settings","status":404,"duration":"1ms"}
[2026-05-04 05:42:59] INFO: GET /api/students/02590459-302f-4d2a-8dd1-105e42bdcab4/wallet {"service":"igtihad-api","method":"GET","url":"/api/students/02590459-302f-4d2a-8dd1-105e42bdcab4/wallet","status":304,"duration":"2ms"}
[2026-05-04 05:43:00] INFO: GET /api/students/02590459-302f-4d2a-8dd1-105e42bdcab4/enrollments {"service":"igtihad-api","method":"GET","url":"/api/students/02590459-302f-4d2a-8dd1-105e42bdcab4/enrollments","status":304,"duration":"3ms"}
[2026-05-04 05:43:00] INFO: GET /api/students/02590459-302f-4d2a-8dd1-105e42bdcab4/enrollments {"service":"igtihad-api","method":"GET","url":"/api/students/02590459-302f-4d2a-8dd1-105e42bdcab4/enrollments","status":304,"duration":"2ms"}
[2026-05-04 05:43:00] INFO: GET /api/students/02590459-302f-4d2a-8dd1-105e42bdcab4/progress-by-course {"service":"igtihad-api","method":"GET","url":"/api/students/02590459-302f-4d2a-8dd1-105e42bdcab4/progress-by-course","status":304,"duration":"5ms"}
[2026-05-04 05:43:00] INFO: GET /api/students/02590459-302f-4d2a-8dd1-105e42bdcab4/progress-by-course {"service":"igtihad-api","method":"GET","url":"/api/students/02590459-302f-4d2a-8dd1-105e42bdcab4/progress-by-course","status":304,"duration":"2ms"}
[2026-05-04 05:43:00] INFO: GET /uploads/1777862459612-427283874.jfif {"service":"igtihad-api","method":"GET","url":"/uploads/1777862459612-427283874.jfif","status":304,"duration":"1ms"}
[2026-05-04 05:43:02] INFO: GET /api/students/02590459-302f-4d2a-8dd1-105e42bdcab4/enrollments {"service":"igtihad-api","method":"GET","url":"/api/students/02590459-302f-4d2a-8dd1-105e42bdcab4/enrollments","status":304,"duration":"2ms"}
[2026-05-04 05:43:02] INFO: GET /api/students/02590459-302f-4d2a-8dd1-105e42bdcab4/enrollments {"service":"igtihad-api","method":"GET","url":"/api/students/02590459-302f-4d2a-8dd1-105e42bdcab4/enrollments","status":304,"duration":"4ms"}
[2026-05-04 05:43:02] INFO: GET /api/students/02590459-302f-4d2a-8dd1-105e42bdcab4/progress-by-course {"service":"igtihad-api","method":"GET","url":"/api/students/02590459-302f-4d2a-8dd1-105e42bdcab4/progress-by-course","status":304,"duration":"11ms"}
[2026-05-04 05:43:02] INFO: GET /api/students/02590459-302f-4d2a-8dd1-105e42bdcab4/progress-by-course {"service":"igtihad-api","method":"GET","url":"/api/students/02590459-302f-4d2a-8dd1-105e42bdcab4/progress-by-course","status":304,"duration":"3ms"}
[2026-05-04 05:43:02] INFO: GET /api/students/02590459-302f-4d2a-8dd1-105e42bdcab4/progress {"service":"igtihad-api","method":"GET","url":"/api/students/02590459-302f-4d2a-8dd1-105e42bdcab4/progress","status":304,"duration":"3ms"}
[2026-05-04 05:43:02] INFO: GET /api/quizzes {"service":"igtihad-api","method":"GET","url":"/api/quizzes","status":304,"duration":"6ms"}
[2026-05-04 05:43:02] INFO: GET /api/students/02590459-302f-4d2a-8dd1-105e42bdcab4/progress {"service":"igtihad-api","method":"GET","url":"/api/students/02590459-302f-4d2a-8dd1-105e42bdcab4/progress","status":304,"duration":"7ms"}
[2026-05-04 05:43:02] INFO: GET /api/quizzes/results/student/02590459-302f-4d2a-8dd1-105e42bdcab4 {"service":"igtihad-api","method":"GET","url":"/api/quizzes/results/student/02590459-302f-4d2a-8dd1-105e42bdcab4","status":304,"duration":"5ms"}
[2026-05-04 05:43:02] INFO: GET /api/quizzes {"service":"igtihad-api","method":"GET","url":"/api/quizzes","status":304,"duration":"5ms"}
[2026-05-04 05:43:02] INFO: GET /api/quizzes/results/student/02590459-302f-4d2a-8dd1-105e42bdcab4 {"service":"igtihad-api","method":"GET","url":"/api/quizzes/results/student/02590459-302f-4d2a-8dd1-105e42bdcab4","status":304,"duration":"3ms"}
[2026-05-04 05:43:12] INFO: GET /api/auth/me {"service":"igtihad-api","method":"GET","url":"/api/auth/me","status":304,"duration":"2ms"}
[2026-05-04 05:43:12] INFO: GET /api/health {"service":"igtihad-api","method":"GET","url":"/api/health","status":304,"duration":"1ms"}
[2026-05-04 05:43:17] INFO: GET /api/health {"service":"igtihad-api","method":"GET","url":"/api/health","status":304,"duration":"1ms"}
[2026-05-04 05:43:46] INFO: GET /api/auth/me {"service":"igtihad-api","method":"GET","url":"/api/auth/me","status":304,"duration":"4ms"}
[2026-05-04 05:43:46] INFO: GET /api/health {"service":"igtihad-api","method":"GET","url":"/api/health","status":304,"duration":"0ms"}
[2026-05-04 05:43:46] INFO: GET /uploads/1777861320156-297676208.jpg {"service":"igtihad-api","method":"GET","url":"/uploads/1777861320156-297676208.jpg","status":304,"duration":"1ms"}
[2026-05-04 05:43:46] INFO: GET /api/students/02590459-302f-4d2a-8dd1-105e42bdcab4/enrollments {"service":"igtihad-api","method":"GET","url":"/api/students/02590459-302f-4d2a-8dd1-105e42bdcab4/enrollments","status":304,"duration":"4ms"}
[2026-05-04 05:43:46] INFO: GET /api/students/02590459-302f-4d2a-8dd1-105e42bdcab4/enrollments {"service":"igtihad-api","method":"GET","url":"/api/students/02590459-302f-4d2a-8dd1-105e42bdcab4/enrollments","status":304,"duration":"3ms"}
[2026-05-04 05:43:46] INFO: GET /api/students/02590459-302f-4d2a-8dd1-105e42bdcab4/notifications {"service":"igtihad-api","method":"GET","url":"/api/students/02590459-302f-4d2a-8dd1-105e42bdcab4/notifications","status":304,"duration":"4ms"}
[2026-05-04 05:43:46] INFO: GET /api/students/02590459-302f-4d2a-8dd1-105e42bdcab4/notifications {"service":"igtihad-api","method":"GET","url":"/api/students/02590459-302f-4d2a-8dd1-105e42bdcab4/notifications","status":304,"duration":"5ms"}
[2026-05-04 05:43:46] INFO: GET /api/students/02590459-302f-4d2a-8dd1-105e42bdcab4/progress {"service":"igtihad-api","method":"GET","url":"/api/students/02590459-302f-4d2a-8dd1-105e42bdcab4/progress","status":304,"duration":"5ms"}
[2026-05-04 05:43:46] INFO: GET /api/students/02590459-302f-4d2a-8dd1-105e42bdcab4/progress {"service":"igtihad-api","method":"GET","url":"/api/students/02590459-302f-4d2a-8dd1-105e42bdcab4/progress","status":304,"duration":"2ms"}
[2026-05-04 05:43:46] INFO: GET /api/students/02590459-302f-4d2a-8dd1-105e42bdcab4/progress-by-course {"service":"igtihad-api","method":"GET","url":"/api/students/02590459-302f-4d2a-8dd1-105e42bdcab4/progress-by-course","status":304,"duration":"3ms"}
[2026-05-04 05:43:46] INFO: GET /api/students/02590459-302f-4d2a-8dd1-105e42bdcab4/progress-by-course {"service":"igtihad-api","method":"GET","url":"/api/students/02590459-302f-4d2a-8dd1-105e42bdcab4/progress-by-course","status":304,"duration":"3ms"}
[2026-05-04 05:43:46] INFO: GET /api/quizzes {"service":"igtihad-api","method":"GET","url":"/api/quizzes","status":304,"duration":"10ms"}
[2026-05-04 05:43:46] INFO: GET /api/quizzes {"service":"igtihad-api","method":"GET","url":"/api/quizzes","status":304,"duration":"6ms"}
[2026-05-04 05:43:46] INFO: GET /api/quizzes/results/student/02590459-302f-4d2a-8dd1-105e42bdcab4 {"service":"igtihad-api","method":"GET","url":"/api/quizzes/results/student/02590459-302f-4d2a-8dd1-105e42bdcab4","status":304,"duration":"2ms"}
[2026-05-04 05:43:46] INFO: GET /api/quizzes/results/student/02590459-302f-4d2a-8dd1-105e42bdcab4 {"service":"igtihad-api","method":"GET","url":"/api/quizzes/results/student/02590459-302f-4d2a-8dd1-105e42bdcab4","status":304,"duration":"2ms"}
[2026-05-04 05:43:46] INFO: GET /uploads/1777862459612-427283874.jfif {"service":"igtihad-api","method":"GET","url":"/uploads/1777862459612-427283874.jfif","status":304,"duration":"1ms"}
[2026-05-04 05:43:54] INFO: GET /api/quizzes/1 {"service":"igtihad-api","method":"GET","url":"/api/quizzes/1","status":200,"duration":"4ms"}
[2026-05-04 05:43:54] INFO: GET /api/quizzes/results/student/02590459-302f-4d2a-8dd1-105e42bdcab4 {"service":"igtihad-api","method":"GET","url":"/api/quizzes/results/student/02590459-302f-4d2a-8dd1-105e42bdcab4","status":304,"duration":"5ms"}
[2026-05-04 05:43:54] INFO: GET /api/quizzes/1/questions {"service":"igtihad-api","method":"GET","url":"/api/quizzes/1/questions","status":304,"duration":"4ms"}
[2026-05-04 05:44:25] INFO: GET /api/students/02590459-302f-4d2a-8dd1-105e42bdcab4/enrollments {"service":"igtihad-api","method":"GET","url":"/api/students/02590459-302f-4d2a-8dd1-105e42bdcab4/enrollments","status":304,"duration":"3ms"}
[2026-05-04 05:44:25] INFO: GET /api/students/02590459-302f-4d2a-8dd1-105e42bdcab4/enrollments {"service":"igtihad-api","method":"GET","url":"/api/students/02590459-302f-4d2a-8dd1-105e42bdcab4/enrollments","status":304,"duration":"3ms"}
[2026-05-04 05:44:25] INFO: GET /api/students/02590459-302f-4d2a-8dd1-105e42bdcab4/progress-by-course {"service":"igtihad-api","method":"GET","url":"/api/students/02590459-302f-4d2a-8dd1-105e42bdcab4/progress-by-course","status":304,"duration":"4ms"}
[2026-05-04 05:44:25] INFO: GET /api/students/02590459-302f-4d2a-8dd1-105e42bdcab4/progress-by-course {"service":"igtihad-api","method":"GET","url":"/api/students/02590459-302f-4d2a-8dd1-105e42bdcab4/progress-by-course","status":304,"duration":"6ms"}
[2026-05-04 05:44:25] INFO: GET /uploads/1777862459612-427283874.jfif {"service":"igtihad-api","method":"GET","url":"/uploads/1777862459612-427283874.jfif","status":304,"duration":"1ms"}
[2026-05-04 05:44:26] INFO: GET /api/students/02590459-302f-4d2a-8dd1-105e42bdcab4/enrollments {"service":"igtihad-api","method":"GET","url":"/api/students/02590459-302f-4d2a-8dd1-105e42bdcab4/enrollments","status":304,"duration":"3ms"}
[2026-05-04 05:44:26] INFO: GET /api/students/02590459-302f-4d2a-8dd1-105e42bdcab4/enrollments {"service":"igtihad-api","method":"GET","url":"/api/students/02590459-302f-4d2a-8dd1-105e42bdcab4/enrollments","status":304,"duration":"6ms"}
[2026-05-04 05:44:26] INFO: GET /api/students/02590459-302f-4d2a-8dd1-105e42bdcab4/progress {"service":"igtihad-api","method":"GET","url":"/api/students/02590459-302f-4d2a-8dd1-105e42bdcab4/progress","status":304,"duration":"3ms"}
[2026-05-04 05:44:26] INFO: GET /api/students/02590459-302f-4d2a-8dd1-105e42bdcab4/progress {"service":"igtihad-api","method":"GET","url":"/api/students/02590459-302f-4d2a-8dd1-105e42bdcab4/progress","status":304,"duration":"6ms"}
[2026-05-04 05:44:26] INFO: GET /api/students/02590459-302f-4d2a-8dd1-105e42bdcab4/progress-by-course {"service":"igtihad-api","method":"GET","url":"/api/students/02590459-302f-4d2a-8dd1-105e42bdcab4/progress-by-course","status":304,"duration":"6ms"}
[2026-05-04 05:44:26] INFO: GET /api/students/02590459-302f-4d2a-8dd1-105e42bdcab4/progress-by-course {"service":"igtihad-api","method":"GET","url":"/api/students/02590459-302f-4d2a-8dd1-105e42bdcab4/progress-by-course","status":304,"duration":"23ms"}
[2026-05-04 05:44:26] INFO: GET /api/quizzes {"service":"igtihad-api","method":"GET","url":"/api/quizzes","status":304,"duration":"7ms"}
[2026-05-04 05:44:26] INFO: GET /api/quizzes {"service":"igtihad-api","method":"GET","url":"/api/quizzes","status":304,"duration":"1ms"}
[2026-05-04 05:44:26] INFO: GET /api/quizzes/results/student/02590459-302f-4d2a-8dd1-105e42bdcab4 {"service":"igtihad-api","method":"GET","url":"/api/quizzes/results/student/02590459-302f-4d2a-8dd1-105e42bdcab4","status":304,"duration":"2ms"}
[2026-05-04 05:44:26] INFO: GET /api/quizzes/results/student/02590459-302f-4d2a-8dd1-105e42bdcab4 {"service":"igtihad-api","method":"GET","url":"/api/quizzes/results/student/02590459-302f-4d2a-8dd1-105e42bdcab4","status":304,"duration":"4ms"}
[2026-05-04 05:44:37] INFO: GET /uploads/1777861320156-297676208.jpg {"service":"igtihad-api","method":"GET","url":"/uploads/1777861320156-297676208.jpg","status":304,"duration":"2ms"}
[2026-05-04 05:44:37] INFO: GET /api/auth/me {"service":"igtihad-api","method":"GET","url":"/api/auth/me","status":304,"duration":"3ms"}
[2026-05-04 05:44:37] INFO: GET /api/students/02590459-302f-4d2a-8dd1-105e42bdcab4/enrollments {"service":"igtihad-api","method":"GET","url":"/api/students/02590459-302f-4d2a-8dd1-105e42bdcab4/enrollments","status":304,"duration":"4ms"}
[2026-05-04 05:44:37] INFO: GET /api/students/02590459-302f-4d2a-8dd1-105e42bdcab4/enrollments {"service":"igtihad-api","method":"GET","url":"/api/students/02590459-302f-4d2a-8dd1-105e42bdcab4/enrollments","status":304,"duration":"3ms"}
[2026-05-04 05:44:37] INFO: GET /api/students/02590459-302f-4d2a-8dd1-105e42bdcab4/notifications {"service":"igtihad-api","method":"GET","url":"/api/students/02590459-302f-4d2a-8dd1-105e42bdcab4/notifications","status":304,"duration":"3ms"}
[2026-05-04 05:44:37] INFO: GET /api/students/02590459-302f-4d2a-8dd1-105e42bdcab4/notifications {"service":"igtihad-api","method":"GET","url":"/api/students/02590459-302f-4d2a-8dd1-105e42bdcab4/notifications","status":304,"duration":"2ms"}
[2026-05-04 05:44:37] INFO: GET /api/students/02590459-302f-4d2a-8dd1-105e42bdcab4/progress {"service":"igtihad-api","method":"GET","url":"/api/students/02590459-302f-4d2a-8dd1-105e42bdcab4/progress","status":304,"duration":"4ms"}
[2026-05-04 05:44:37] INFO: GET /api/students/02590459-302f-4d2a-8dd1-105e42bdcab4/progress {"service":"igtihad-api","method":"GET","url":"/api/students/02590459-302f-4d2a-8dd1-105e42bdcab4/progress","status":304,"duration":"7ms"}
[2026-05-04 05:44:37] INFO: GET /api/students/02590459-302f-4d2a-8dd1-105e42bdcab4/progress-by-course {"service":"igtihad-api","method":"GET","url":"/api/students/02590459-302f-4d2a-8dd1-105e42bdcab4/progress-by-course","status":304,"duration":"10ms"}
[2026-05-04 05:44:37] INFO: GET /api/students/02590459-302f-4d2a-8dd1-105e42bdcab4/progress-by-course {"service":"igtihad-api","method":"GET","url":"/api/students/02590459-302f-4d2a-8dd1-105e42bdcab4/progress-by-course","status":304,"duration":"10ms"}
[2026-05-04 05:44:37] INFO: GET /api/quizzes {"service":"igtihad-api","method":"GET","url":"/api/quizzes","status":304,"duration":"6ms"}
[2026-05-04 05:44:37] INFO: GET /api/quizzes {"service":"igtihad-api","method":"GET","url":"/api/quizzes","status":304,"duration":"4ms"}
[2026-05-04 05:44:37] INFO: GET /uploads/1777862459612-427283874.jfif {"service":"igtihad-api","method":"GET","url":"/uploads/1777862459612-427283874.jfif","status":304,"duration":"3ms"}
[2026-05-04 05:44:37] INFO: GET /api/quizzes/results/student/02590459-302f-4d2a-8dd1-105e42bdcab4 {"service":"igtihad-api","method":"GET","url":"/api/quizzes/results/student/02590459-302f-4d2a-8dd1-105e42bdcab4","status":304,"duration":"7ms"}
[2026-05-04 05:44:37] INFO: GET /api/quizzes/results/student/02590459-302f-4d2a-8dd1-105e42bdcab4 {"service":"igtihad-api","method":"GET","url":"/api/quizzes/results/student/02590459-302f-4d2a-8dd1-105e42bdcab4","status":304,"duration":"3ms"}
[2026-05-04 05:44:54] INFO: GET /api/students/02590459-302f-4d2a-8dd1-105e42bdcab4/notifications {"service":"igtihad-api","method":"GET","url":"/api/students/02590459-302f-4d2a-8dd1-105e42bdcab4/notifications","status":304,"duration":"2ms"}
[2026-05-04 05:44:54] INFO: GET /api/students/02590459-302f-4d2a-8dd1-105e42bdcab4/notifications {"service":"igtihad-api","method":"GET","url":"/api/students/02590459-302f-4d2a-8dd1-105e42bdcab4/notifications","status":304,"duration":"1ms"}
[2026-05-04 05:45:16] INFO: GET /api/auth/me {"service":"igtihad-api","method":"GET","url":"/api/auth/me","status":304,"duration":"2ms"}
[2026-05-04 05:45:16] INFO: GET /api/students/02590459-302f-4d2a-8dd1-105e42bdcab4/enrollments {"service":"igtihad-api","method":"GET","url":"/api/students/02590459-302f-4d2a-8dd1-105e42bdcab4/enrollments","status":304,"duration":"2ms"}
[2026-05-04 05:45:16] INFO: GET /api/students/02590459-302f-4d2a-8dd1-105e42bdcab4/notifications {"service":"igtihad-api","method":"GET","url":"/api/students/02590459-302f-4d2a-8dd1-105e42bdcab4/notifications","status":304,"duration":"2ms"}
[2026-05-04 05:45:16] INFO: GET /api/students/02590459-302f-4d2a-8dd1-105e42bdcab4/enrollments {"service":"igtihad-api","method":"GET","url":"/api/students/02590459-302f-4d2a-8dd1-105e42bdcab4/enrollments","status":304,"duration":"2ms"}
[2026-05-04 05:45:16] INFO: GET /api/students/02590459-302f-4d2a-8dd1-105e42bdcab4/progress {"service":"igtihad-api","method":"GET","url":"/api/students/02590459-302f-4d2a-8dd1-105e42bdcab4/progress","status":304,"duration":"2ms"}
[2026-05-04 05:45:16] INFO: GET /api/students/02590459-302f-4d2a-8dd1-105e42bdcab4/notifications {"service":"igtihad-api","method":"GET","url":"/api/students/02590459-302f-4d2a-8dd1-105e42bdcab4/notifications","status":304,"duration":"2ms"}
[2026-05-04 05:45:16] INFO: GET /api/students/02590459-302f-4d2a-8dd1-105e42bdcab4/progress-by-course {"service":"igtihad-api","method":"GET","url":"/api/students/02590459-302f-4d2a-8dd1-105e42bdcab4/progress-by-course","status":304,"duration":"2ms"}
[2026-05-04 05:45:16] INFO: GET /api/quizzes {"service":"igtihad-api","method":"GET","url":"/api/quizzes","status":304,"duration":"1ms"}
[2026-05-04 05:45:16] INFO: GET /api/students/02590459-302f-4d2a-8dd1-105e42bdcab4/progress {"service":"igtihad-api","method":"GET","url":"/api/students/02590459-302f-4d2a-8dd1-105e42bdcab4/progress","status":304,"duration":"2ms"}
[2026-05-04 05:45:16] INFO: GET /api/quizzes/results/student/02590459-302f-4d2a-8dd1-105e42bdcab4 {"service":"igtihad-api","method":"GET","url":"/api/quizzes/results/student/02590459-302f-4d2a-8dd1-105e42bdcab4","status":304,"duration":"2ms"}
[2026-05-04 05:45:16] INFO: GET /api/students/02590459-302f-4d2a-8dd1-105e42bdcab4/progress-by-course {"service":"igtihad-api","method":"GET","url":"/api/students/02590459-302f-4d2a-8dd1-105e42bdcab4/progress-by-course","status":304,"duration":"3ms"}
[2026-05-04 05:45:16] INFO: GET /api/quizzes {"service":"igtihad-api","method":"GET","url":"/api/quizzes","status":304,"duration":"2ms"}
[2026-05-04 05:45:16] INFO: GET /api/quizzes/results/student/02590459-302f-4d2a-8dd1-105e42bdcab4 {"service":"igtihad-api","method":"GET","url":"/api/quizzes/results/student/02590459-302f-4d2a-8dd1-105e42bdcab4","status":304,"duration":"2ms"}
[2026-05-04 05:45:16] INFO: GET /uploads/1777861320156-297676208.jpg {"service":"igtihad-api","method":"GET","url":"/uploads/1777861320156-297676208.jpg","status":304,"duration":"1ms"}
[2026-05-04 05:45:16] INFO: GET /uploads/1777862459612-427283874.jfif {"service":"igtihad-api","method":"GET","url":"/uploads/1777862459612-427283874.jfif","status":304,"duration":"1ms"}
[2026-05-04 05:45:28] INFO: GET /api/auth/me {"service":"igtihad-api","method":"GET","url":"/api/auth/me","status":304,"duration":"3ms"}
[2026-05-04 05:45:28] INFO: GET /uploads/1777861320156-297676208.jpg {"service":"igtihad-api","method":"GET","url":"/uploads/1777861320156-297676208.jpg","status":304,"duration":"4ms"}
[2026-05-04 05:45:28] INFO: GET /api/students/02590459-302f-4d2a-8dd1-105e42bdcab4/enrollments {"service":"igtihad-api","method":"GET","url":"/api/students/02590459-302f-4d2a-8dd1-105e42bdcab4/enrollments","status":304,"duration":"3ms"}
[2026-05-04 05:45:28] INFO: GET /api/students/02590459-302f-4d2a-8dd1-105e42bdcab4/enrollments {"service":"igtihad-api","method":"GET","url":"/api/students/02590459-302f-4d2a-8dd1-105e42bdcab4/enrollments","status":304,"duration":"3ms"}
[2026-05-04 05:45:28] INFO: GET /api/students/02590459-302f-4d2a-8dd1-105e42bdcab4/notifications {"service":"igtihad-api","method":"GET","url":"/api/students/02590459-302f-4d2a-8dd1-105e42bdcab4/notifications","status":304,"duration":"2ms"}
[2026-05-04 05:45:28] INFO: GET /api/students/02590459-302f-4d2a-8dd1-105e42bdcab4/notifications {"service":"igtihad-api","method":"GET","url":"/api/students/02590459-302f-4d2a-8dd1-105e42bdcab4/notifications","status":304,"duration":"4ms"}
[2026-05-04 05:45:28] INFO: GET /api/students/02590459-302f-4d2a-8dd1-105e42bdcab4/progress {"service":"igtihad-api","method":"GET","url":"/api/students/02590459-302f-4d2a-8dd1-105e42bdcab4/progress","status":304,"duration":"5ms"}
[2026-05-04 05:45:28] INFO: GET /api/students/02590459-302f-4d2a-8dd1-105e42bdcab4/progress {"service":"igtihad-api","method":"GET","url":"/api/students/02590459-302f-4d2a-8dd1-105e42bdcab4/progress","status":304,"duration":"4ms"}
[2026-05-04 05:45:28] INFO: GET /api/students/02590459-302f-4d2a-8dd1-105e42bdcab4/progress-by-course {"service":"igtihad-api","method":"GET","url":"/api/students/02590459-302f-4d2a-8dd1-105e42bdcab4/progress-by-course","status":304,"duration":"8ms"}
[2026-05-04 05:45:28] INFO: GET /uploads/1777862459612-427283874.jfif {"service":"igtihad-api","method":"GET","url":"/uploads/1777862459612-427283874.jfif","status":304,"duration":"2ms"}
[2026-05-04 05:45:28] INFO: GET /api/quizzes {"service":"igtihad-api","method":"GET","url":"/api/quizzes","status":304,"duration":"5ms"}
[2026-05-04 05:45:28] INFO: GET /api/quizzes/results/student/02590459-302f-4d2a-8dd1-105e42bdcab4 {"service":"igtihad-api","method":"GET","url":"/api/quizzes/results/student/02590459-302f-4d2a-8dd1-105e42bdcab4","status":304,"duration":"4ms"}
[2026-05-04 05:45:28] INFO: GET /api/students/02590459-302f-4d2a-8dd1-105e42bdcab4/progress-by-course {"service":"igtihad-api","method":"GET","url":"/api/students/02590459-302f-4d2a-8dd1-105e42bdcab4/progress-by-course","status":304,"duration":"11ms"}
[2026-05-04 05:45:28] INFO: GET /api/quizzes {"service":"igtihad-api","method":"GET","url":"/api/quizzes","status":304,"duration":"2ms"}
[2026-05-04 05:45:28] INFO: GET /api/quizzes/results/student/02590459-302f-4d2a-8dd1-105e42bdcab4 {"service":"igtihad-api","method":"GET","url":"/api/quizzes/results/student/02590459-302f-4d2a-8dd1-105e42bdcab4","status":304,"duration":"3ms"}
[2026-05-04 05:45:34] INFO: GET /api/quizzes/1 {"service":"igtihad-api","method":"GET","url":"/api/quizzes/1","status":304,"duration":"7ms"}
[2026-05-04 05:45:34] INFO: GET /api/quizzes/1/questions {"service":"igtihad-api","method":"GET","url":"/api/quizzes/1/questions","status":304,"duration":"2ms"}
[2026-05-04 05:45:34] INFO: GET /api/quizzes/results/student/02590459-302f-4d2a-8dd1-105e42bdcab4 {"service":"igtihad-api","method":"GET","url":"/api/quizzes/results/student/02590459-302f-4d2a-8dd1-105e42bdcab4","status":304,"duration":"6ms"}
[2026-05-04 05:45:39] WARN: GET /api/public/settings {"service":"igtihad-api","method":"GET","url":"/api/public/settings","status":404,"duration":"0ms"}
[2026-05-04 05:46:01] INFO: GET /uploads/1777862459612-427283874.jfif {"service":"igtihad-api","method":"GET","url":"/uploads/1777862459612-427283874.jfif","status":304,"duration":"1ms"}
[2026-05-04 05:46:02] INFO: GET /api/students/02590459-302f-4d2a-8dd1-105e42bdcab4/enrollments {"service":"igtihad-api","method":"GET","url":"/api/students/02590459-302f-4d2a-8dd1-105e42bdcab4/enrollments","status":304,"duration":"3ms"}
[2026-05-04 05:46:02] INFO: GET /api/students/02590459-302f-4d2a-8dd1-105e42bdcab4/enrollments {"service":"igtihad-api","method":"GET","url":"/api/students/02590459-302f-4d2a-8dd1-105e42bdcab4/enrollments","status":304,"duration":"2ms"}
[2026-05-04 05:46:02] INFO: GET /api/students/02590459-302f-4d2a-8dd1-105e42bdcab4/progress-by-course {"service":"igtihad-api","method":"GET","url":"/api/students/02590459-302f-4d2a-8dd1-105e42bdcab4/progress-by-course","status":304,"duration":"6ms"}
[2026-05-04 05:46:02] INFO: GET /api/students/02590459-302f-4d2a-8dd1-105e42bdcab4/progress-by-course {"service":"igtihad-api","method":"GET","url":"/api/students/02590459-302f-4d2a-8dd1-105e42bdcab4/progress-by-course","status":304,"duration":"2ms"}
[2026-05-04 05:46:03] INFO: GET /api/students/02590459-302f-4d2a-8dd1-105e42bdcab4/wallet {"service":"igtihad-api","method":"GET","url":"/api/students/02590459-302f-4d2a-8dd1-105e42bdcab4/wallet","status":304,"duration":"1ms"}
[2026-05-04 05:46:05] INFO: GET /api/health {"service":"igtihad-api","method":"GET","url":"/api/health","status":304,"duration":"1ms"}
[2026-05-04 05:46:08] INFO: GET /api/health {"service":"igtihad-api","method":"GET","url":"/api/health","status":304,"duration":"1ms"}
[2026-05-04 05:46:08] INFO: POST /api/auth/login {"service":"igtihad-api","method":"POST","url":"/api/auth/login","status":200,"duration":"66ms"}
[2026-05-04 05:46:08] INFO: GET /api/admin/codes {"service":"igtihad-api","method":"GET","url":"/api/admin/codes","status":200,"duration":"5ms"}
[2026-05-04 05:46:08] INFO: GET /api/courses {"service":"igtihad-api","method":"GET","url":"/api/courses","status":304,"duration":"2ms"}
[2026-05-04 05:46:08] INFO: GET /api/admin/dashboard {"service":"igtihad-api","method":"GET","url":"/api/admin/dashboard","status":200,"duration":"7ms"}
[2026-05-04 05:46:09] INFO: GET /api/courses {"service":"igtihad-api","method":"GET","url":"/api/courses","status":304,"duration":"3ms"}
[2026-05-04 05:46:09] INFO: GET /api/admin/codes {"service":"igtihad-api","method":"GET","url":"/api/admin/codes","status":304,"duration":"4ms"}
[2026-05-04 05:46:09] INFO: GET /api/admin/dashboard {"service":"igtihad-api","method":"GET","url":"/api/admin/dashboard","status":304,"duration":"11ms"}
[2026-05-04 05:46:10] INFO: GET /api/courses {"service":"igtihad-api","method":"GET","url":"/api/courses","status":304,"duration":"2ms"}
[2026-05-04 05:46:12] INFO: GET /api/public/reviews {"service":"igtihad-api","method":"GET","url":"/api/public/reviews","status":304,"duration":"2ms"}
[2026-05-04 05:46:14] INFO: GET /api/students/admins {"service":"igtihad-api","method":"GET","url":"/api/students/admins","status":304,"duration":"1ms"}
[2026-05-04 05:46:16] WARN: GET /api/public/settings {"service":"igtihad-api","method":"GET","url":"/api/public/settings","status":404,"duration":"0ms"}
[2026-05-04 05:46:33] INFO: GET /api/courses {"service":"igtihad-api","method":"GET","url":"/api/courses","status":304,"duration":"1ms"}
[2026-05-04 05:46:33] INFO: GET /api/admin/codes {"service":"igtihad-api","method":"GET","url":"/api/admin/codes","status":304,"duration":"3ms"}
[2026-05-04 05:46:33] INFO: GET /api/admin/dashboard {"service":"igtihad-api","method":"GET","url":"/api/admin/dashboard","status":304,"duration":"7ms"}
[2026-05-04 05:46:34] INFO: GET /api/courses {"service":"igtihad-api","method":"GET","url":"/api/courses","status":304,"duration":"2ms"}
[2026-05-04 05:46:34] INFO: GET /api/admin/codes {"service":"igtihad-api","method":"GET","url":"/api/admin/codes","status":304,"duration":"2ms"}
[2026-05-04 05:46:34] INFO: GET /api/admin/dashboard {"service":"igtihad-api","method":"GET","url":"/api/admin/dashboard","status":304,"duration":"7ms"}
[2026-05-04 05:48:02] INFO: 🚀 Server is running on http://0.0.0.0:5000 {"service":"igtihad-api"}
[2026-05-04 05:48:11] INFO: GET /uploads/1777861320156-297676208.jpg {"service":"igtihad-api","method":"GET","url":"/uploads/1777861320156-297676208.jpg","status":304,"duration":"5ms"}
[2026-05-04 05:48:11] INFO: GET /api/auth/me {"service":"igtihad-api","method":"GET","url":"/api/auth/me","status":200,"duration":"15ms"}
[2026-05-04 05:48:11] INFO: GET /api/students/02590459-302f-4d2a-8dd1-105e42bdcab4/enrollments {"service":"igtihad-api","method":"GET","url":"/api/students/02590459-302f-4d2a-8dd1-105e42bdcab4/enrollments","status":304,"duration":"4ms"}
[2026-05-04 05:48:11] INFO: GET /api/students/02590459-302f-4d2a-8dd1-105e42bdcab4/notifications {"service":"igtihad-api","method":"GET","url":"/api/students/02590459-302f-4d2a-8dd1-105e42bdcab4/notifications","status":304,"duration":"4ms"}
[2026-05-04 05:48:11] INFO: GET /api/students/02590459-302f-4d2a-8dd1-105e42bdcab4/progress {"service":"igtihad-api","method":"GET","url":"/api/students/02590459-302f-4d2a-8dd1-105e42bdcab4/progress","status":304,"duration":"4ms"}
[2026-05-04 05:48:11] INFO: GET /api/students/02590459-302f-4d2a-8dd1-105e42bdcab4/progress-by-course {"service":"igtihad-api","method":"GET","url":"/api/students/02590459-302f-4d2a-8dd1-105e42bdcab4/progress-by-course","status":304,"duration":"3ms"}
[2026-05-04 05:48:11] INFO: GET /api/quizzes {"service":"igtihad-api","method":"GET","url":"/api/quizzes","status":304,"duration":"2ms"}
[2026-05-04 05:48:11] INFO: GET /api/quizzes/results/student/02590459-302f-4d2a-8dd1-105e42bdcab4 {"service":"igtihad-api","method":"GET","url":"/api/quizzes/results/student/02590459-302f-4d2a-8dd1-105e42bdcab4","status":304,"duration":"14ms"}
[2026-05-04 05:48:11] INFO: GET /api/students/02590459-302f-4d2a-8dd1-105e42bdcab4/enrollments {"service":"igtihad-api","method":"GET","url":"/api/students/02590459-302f-4d2a-8dd1-105e42bdcab4/enrollments","status":304,"duration":"13ms"}
[2026-05-04 05:48:11] INFO: GET /api/students/02590459-302f-4d2a-8dd1-105e42bdcab4/notifications {"service":"igtihad-api","method":"GET","url":"/api/students/02590459-302f-4d2a-8dd1-105e42bdcab4/notifications","status":304,"duration":"15ms"}
[2026-05-04 05:48:11] INFO: GET /api/students/02590459-302f-4d2a-8dd1-105e42bdcab4/progress {"service":"igtihad-api","method":"GET","url":"/api/students/02590459-302f-4d2a-8dd1-105e42bdcab4/progress","status":304,"duration":"12ms"}
[2026-05-04 05:48:11] INFO: GET /api/quizzes {"service":"igtihad-api","method":"GET","url":"/api/quizzes","status":304,"duration":"6ms"}
[2026-05-04 05:48:11] INFO: GET /uploads/1777862459612-427283874.jfif {"service":"igtihad-api","method":"GET","url":"/uploads/1777862459612-427283874.jfif","status":304,"duration":"5ms"}
[2026-05-04 05:48:11] INFO: GET /api/quizzes/results/student/02590459-302f-4d2a-8dd1-105e42bdcab4 {"service":"igtihad-api","method":"GET","url":"/api/quizzes/results/student/02590459-302f-4d2a-8dd1-105e42bdcab4","status":304,"duration":"11ms"}
[2026-05-04 05:48:11] INFO: GET /api/students/02590459-302f-4d2a-8dd1-105e42bdcab4/progress-by-course {"service":"igtihad-api","method":"GET","url":"/api/students/02590459-302f-4d2a-8dd1-105e42bdcab4/progress-by-course","status":304,"duration":"29ms"}
[2026-05-04 05:48:15] INFO: GET /api/health {"service":"igtihad-api","method":"GET","url":"/api/health","status":304,"duration":"3ms"}
[2026-05-04 05:48:18] INFO: GET /api/health {"service":"igtihad-api","method":"GET","url":"/api/health","status":304,"duration":"1ms"}
[2026-05-04 05:48:19] INFO: POST /api/auth/login {"service":"igtihad-api","method":"POST","url":"/api/auth/login","status":200,"duration":"88ms"}
[2026-05-04 05:48:19] INFO: GET /api/students/02590459-302f-4d2a-8dd1-105e42bdcab4/enrollments {"service":"igtihad-api","method":"GET","url":"/api/students/02590459-302f-4d2a-8dd1-105e42bdcab4/enrollments","status":304,"duration":"2ms"}
[2026-05-04 05:48:19] INFO: GET /api/students/02590459-302f-4d2a-8dd1-105e42bdcab4/notifications {"service":"igtihad-api","method":"GET","url":"/api/students/02590459-302f-4d2a-8dd1-105e42bdcab4/notifications","status":304,"duration":"2ms"}
[2026-05-04 05:48:19] INFO: GET /api/students/02590459-302f-4d2a-8dd1-105e42bdcab4/enrollments {"service":"igtihad-api","method":"GET","url":"/api/students/02590459-302f-4d2a-8dd1-105e42bdcab4/enrollments","status":304,"duration":"2ms"}
[2026-05-04 05:48:19] INFO: GET /api/students/02590459-302f-4d2a-8dd1-105e42bdcab4/progress {"service":"igtihad-api","method":"GET","url":"/api/students/02590459-302f-4d2a-8dd1-105e42bdcab4/progress","status":304,"duration":"2ms"}
[2026-05-04 05:48:19] INFO: GET /api/students/02590459-302f-4d2a-8dd1-105e42bdcab4/progress-by-course {"service":"igtihad-api","method":"GET","url":"/api/students/02590459-302f-4d2a-8dd1-105e42bdcab4/progress-by-course","status":304,"duration":"3ms"}
[2026-05-04 05:48:19] INFO: GET /api/students/02590459-302f-4d2a-8dd1-105e42bdcab4/notifications {"service":"igtihad-api","method":"GET","url":"/api/students/02590459-302f-4d2a-8dd1-105e42bdcab4/notifications","status":304,"duration":"5ms"}
[2026-05-04 05:48:19] INFO: GET /api/quizzes {"service":"igtihad-api","method":"GET","url":"/api/quizzes","status":304,"duration":"2ms"}
[2026-05-04 05:48:19] INFO: GET /api/quizzes/results/student/02590459-302f-4d2a-8dd1-105e42bdcab4 {"service":"igtihad-api","method":"GET","url":"/api/quizzes/results/student/02590459-302f-4d2a-8dd1-105e42bdcab4","status":304,"duration":"5ms"}
[2026-05-04 05:48:19] INFO: GET /uploads/1777862459612-427283874.jfif {"service":"igtihad-api","method":"GET","url":"/uploads/1777862459612-427283874.jfif","status":304,"duration":"1ms"}
[2026-05-04 05:48:19] INFO: GET /api/students/02590459-302f-4d2a-8dd1-105e42bdcab4/progress {"service":"igtihad-api","method":"GET","url":"/api/students/02590459-302f-4d2a-8dd1-105e42bdcab4/progress","status":304,"duration":"7ms"}
[2026-05-04 05:48:19] INFO: GET /api/students/02590459-302f-4d2a-8dd1-105e42bdcab4/progress-by-course {"service":"igtihad-api","method":"GET","url":"/api/students/02590459-302f-4d2a-8dd1-105e42bdcab4/progress-by-course","status":304,"duration":"3ms"}
[2026-05-04 05:48:19] INFO: GET /api/quizzes {"service":"igtihad-api","method":"GET","url":"/api/quizzes","status":304,"duration":"2ms"}
[2026-05-04 05:48:19] INFO: GET /api/quizzes/results/student/02590459-302f-4d2a-8dd1-105e42bdcab4 {"service":"igtihad-api","method":"GET","url":"/api/quizzes/results/student/02590459-302f-4d2a-8dd1-105e42bdcab4","status":304,"duration":"3ms"}
[2026-05-04 05:48:21] INFO: GET /api/health {"service":"igtihad-api","method":"GET","url":"/api/health","status":304,"duration":"1ms"}
[2026-05-04 05:48:22] INFO: GET /api/health {"service":"igtihad-api","method":"GET","url":"/api/health","status":304,"duration":"1ms"}
[2026-05-04 05:48:24] INFO: GET /api/health {"service":"igtihad-api","method":"GET","url":"/api/health","status":304,"duration":"0ms"}
[2026-05-04 05:48:24] INFO: POST /api/auth/login {"service":"igtihad-api","method":"POST","url":"/api/auth/login","status":200,"duration":"67ms"}
[2026-05-04 05:48:24] INFO: GET /api/courses {"service":"igtihad-api","method":"GET","url":"/api/courses","status":304,"duration":"6ms"}
[2026-05-04 05:48:24] INFO: GET /api/admin/codes {"service":"igtihad-api","method":"GET","url":"/api/admin/codes","status":304,"duration":"7ms"}
[2026-05-04 05:48:24] INFO: GET /api/admin/dashboard {"service":"igtihad-api","method":"GET","url":"/api/admin/dashboard","status":200,"duration":"16ms"}
[2026-05-04 05:48:25] INFO: GET /api/courses {"service":"igtihad-api","method":"GET","url":"/api/courses","status":304,"duration":"2ms"}
[2026-05-04 05:48:25] INFO: GET /api/admin/codes {"service":"igtihad-api","method":"GET","url":"/api/admin/codes","status":304,"duration":"2ms"}
[2026-05-04 05:48:25] INFO: GET /api/admin/dashboard {"service":"igtihad-api","method":"GET","url":"/api/admin/dashboard","status":304,"duration":"5ms"}
[2026-05-04 05:50:50] INFO: 🚀 Server is running on http://0.0.0.0:5000 {"service":"igtihad-api"}
[2026-05-04 05:50:51] INFO: GET /api/auth/me {"service":"igtihad-api","method":"GET","url":"/api/auth/me","status":304,"duration":"22ms"}
[2026-05-04 05:50:51] INFO: GET /api/admin/dashboard {"service":"igtihad-api","method":"GET","url":"/api/admin/dashboard","status":200,"duration":"5ms"}
[2026-05-04 05:50:51] INFO: GET /api/courses {"service":"igtihad-api","method":"GET","url":"/api/courses","status":304,"duration":"3ms"}
[2026-05-04 05:50:51] INFO: GET /api/admin/codes {"service":"igtihad-api","method":"GET","url":"/api/admin/codes","status":304,"duration":"3ms"}
[2026-05-04 05:50:53] INFO: GET /api/courses {"service":"igtihad-api","method":"GET","url":"/api/courses","status":304,"duration":"2ms"}
[2026-05-04 05:50:53] INFO: GET /api/admin/codes {"service":"igtihad-api","method":"GET","url":"/api/admin/codes","status":304,"duration":"3ms"}
[2026-05-04 05:50:53] INFO: GET /api/admin/dashboard {"service":"igtihad-api","method":"GET","url":"/api/admin/dashboard","status":304,"duration":"7ms"}
[2026-05-04 05:51:39] INFO: GET /api/auth/me {"service":"igtihad-api","method":"GET","url":"/api/auth/me","status":304,"duration":"5ms"}
[2026-05-04 05:51:39] INFO: GET /api/courses {"service":"igtihad-api","method":"GET","url":"/api/courses","status":304,"duration":"5ms"}
[2026-05-04 05:51:39] INFO: GET /api/admin/codes {"service":"igtihad-api","method":"GET","url":"/api/admin/codes","status":304,"duration":"7ms"}
[2026-05-04 05:51:39] INFO: GET /api/admin/dashboard {"service":"igtihad-api","method":"GET","url":"/api/admin/dashboard","status":304,"duration":"13ms"}
[2026-05-04 05:51:40] INFO: GET /api/courses {"service":"igtihad-api","method":"GET","url":"/api/courses","status":304,"duration":"2ms"}
[2026-05-04 05:51:40] INFO: GET /api/admin/codes {"service":"igtihad-api","method":"GET","url":"/api/admin/codes","status":304,"duration":"5ms"}
[2026-05-04 05:51:40] INFO: GET /api/admin/dashboard {"service":"igtihad-api","method":"GET","url":"/api/admin/dashboard","status":304,"duration":"10ms"}
[2026-05-04 05:51:41] INFO: GET /api/courses {"service":"igtihad-api","method":"GET","url":"/api/courses","status":304,"duration":"3ms"}
[2026-05-04 05:51:41] INFO: GET /api/admin/codes {"service":"igtihad-api","method":"GET","url":"/api/admin/codes","status":304,"duration":"4ms"}
[2026-05-04 05:51:41] INFO: GET /api/admin/dashboard {"service":"igtihad-api","method":"GET","url":"/api/admin/dashboard","status":304,"duration":"9ms"}
[2026-05-04 05:51:42] INFO: GET /api/courses {"service":"igtihad-api","method":"GET","url":"/api/courses","status":304,"duration":"4ms"}
[2026-05-04 05:51:42] INFO: GET /api/admin/codes {"service":"igtihad-api","method":"GET","url":"/api/admin/codes","status":304,"duration":"6ms"}
[2026-05-04 05:51:42] INFO: GET /api/admin/dashboard {"service":"igtihad-api","method":"GET","url":"/api/admin/dashboard","status":304,"duration":"13ms"}
[2026-05-04 05:51:43] INFO: GET /api/courses {"service":"igtihad-api","method":"GET","url":"/api/courses","status":304,"duration":"3ms"}
[2026-05-04 05:51:43] INFO: GET /api/admin/codes {"service":"igtihad-api","method":"GET","url":"/api/admin/codes","status":304,"duration":"3ms"}
[2026-05-04 05:51:43] INFO: GET /api/admin/dashboard {"service":"igtihad-api","method":"GET","url":"/api/admin/dashboard","status":304,"duration":"7ms"}
[2026-05-04 05:51:53] INFO: 🚀 Server is running on http://0.0.0.0:5000 {"service":"igtihad-api"}
[2026-05-04 05:51:58] INFO: GET /api/admin/codes {"service":"igtihad-api","method":"GET","url":"/api/admin/codes","status":304,"duration":"11ms"}
[2026-05-04 05:51:58] INFO: GET /api/courses {"service":"igtihad-api","method":"GET","url":"/api/courses","status":304,"duration":"25ms"}
[2026-05-04 05:51:58] INFO: GET /api/admin/dashboard {"service":"igtihad-api","method":"GET","url":"/api/admin/dashboard","status":200,"duration":"29ms"}
[2026-05-04 05:51:58] INFO: GET /api/courses {"service":"igtihad-api","method":"GET","url":"/api/courses","status":304,"duration":"4ms"}
[2026-05-04 05:51:58] INFO: GET /api/admin/codes {"service":"igtihad-api","method":"GET","url":"/api/admin/codes","status":304,"duration":"6ms"}
[2026-05-04 05:51:58] INFO: GET /api/admin/dashboard {"service":"igtihad-api","method":"GET","url":"/api/admin/dashboard","status":304,"duration":"13ms"}
[2026-05-04 05:51:59] INFO: GET /api/courses {"service":"igtihad-api","method":"GET","url":"/api/courses","status":304,"duration":"5ms"}
[2026-05-04 05:51:59] INFO: GET /api/admin/codes {"service":"igtihad-api","method":"GET","url":"/api/admin/codes","status":304,"duration":"7ms"}
[2026-05-04 05:51:59] INFO: GET /api/admin/dashboard {"service":"igtihad-api","method":"GET","url":"/api/admin/dashboard","status":304,"duration":"11ms"}
[2026-05-04 05:52:01] INFO: GET /api/auth/me {"service":"igtihad-api","method":"GET","url":"/api/auth/me","status":304,"duration":"3ms"}
[2026-05-04 05:52:01] INFO: GET /api/courses {"service":"igtihad-api","method":"GET","url":"/api/courses","status":304,"duration":"1ms"}
[2026-05-04 05:52:01] INFO: GET /api/admin/codes {"service":"igtihad-api","method":"GET","url":"/api/admin/codes","status":304,"duration":"5ms"}
[2026-05-04 05:52:01] INFO: GET /api/admin/dashboard {"service":"igtihad-api","method":"GET","url":"/api/admin/dashboard","status":304,"duration":"12ms"}
[2026-05-04 05:52:02] INFO: GET /api/admin/codes {"service":"igtihad-api","method":"GET","url":"/api/admin/codes","status":304,"duration":"3ms"}
[2026-05-04 05:52:02] INFO: GET /api/courses {"service":"igtihad-api","method":"GET","url":"/api/courses","status":304,"duration":"6ms"}
[2026-05-04 05:52:02] INFO: GET /api/admin/dashboard {"service":"igtihad-api","method":"GET","url":"/api/admin/dashboard","status":304,"duration":"12ms"}
[2026-05-04 05:52:03] INFO: GET /api/courses {"service":"igtihad-api","method":"GET","url":"/api/courses","status":304,"duration":"5ms"}
[2026-05-04 05:52:03] INFO: GET /api/admin/codes {"service":"igtihad-api","method":"GET","url":"/api/admin/codes","status":304,"duration":"7ms"}
[2026-05-04 05:52:03] INFO: GET /api/admin/dashboard {"service":"igtihad-api","method":"GET","url":"/api/admin/dashboard","status":304,"duration":"13ms"}
[2026-05-04 05:52:04] INFO: GET /api/admin/codes {"service":"igtihad-api","method":"GET","url":"/api/admin/codes","status":304,"duration":"2ms"}
[2026-05-04 05:52:04] INFO: GET /api/courses {"service":"igtihad-api","method":"GET","url":"/api/courses","status":304,"duration":"5ms"}
[2026-05-04 05:52:04] INFO: GET /api/admin/dashboard {"service":"igtihad-api","method":"GET","url":"/api/admin/dashboard","status":304,"duration":"13ms"}
[2026-05-04 05:52:06] INFO: GET /api/courses {"service":"igtihad-api","method":"GET","url":"/api/courses","status":304,"duration":"4ms"}
[2026-05-04 05:52:06] INFO: GET /api/admin/codes {"service":"igtihad-api","method":"GET","url":"/api/admin/codes","status":304,"duration":"5ms"}
[2026-05-04 05:52:06] INFO: GET /api/admin/dashboard {"service":"igtihad-api","method":"GET","url":"/api/admin/dashboard","status":304,"duration":"13ms"}
[2026-05-04 05:52:07] INFO: GET /api/courses {"service":"igtihad-api","method":"GET","url":"/api/courses","status":304,"duration":"6ms"}
[2026-05-04 05:52:07] INFO: GET /api/admin/codes {"service":"igtihad-api","method":"GET","url":"/api/admin/codes","status":304,"duration":"7ms"}
[2026-05-04 05:52:07] INFO: GET /api/admin/dashboard {"service":"igtihad-api","method":"GET","url":"/api/admin/dashboard","status":304,"duration":"11ms"}
[2026-05-04 13:06:48] INFO: 🚀 Server is running on http://0.0.0.0:5000 {"service":"igtihad-api"}
[2026-05-04 13:07:43] INFO: GET /api/public/reviews {"service":"igtihad-api","method":"GET","url":"/api/public/reviews","status":304,"duration":"15ms"}
[2026-05-04 13:07:43] INFO: GET /api/settings {"service":"igtihad-api","method":"GET","url":"/api/settings","status":200,"duration":"21ms"}
[2026-05-04 13:07:43] INFO: GET /api/courses {"service":"igtihad-api","method":"GET","url":"/api/courses","status":304,"duration":"19ms"}
[2026-05-04 13:07:43] INFO: GET /api/public/stats {"service":"igtihad-api","method":"GET","url":"/api/public/stats","status":304,"duration":"23ms"}
[2026-05-04 13:07:44] INFO: GET /api/health {"service":"igtihad-api","method":"GET","url":"/api/health","status":304,"duration":"2ms"}
[2026-05-04 13:07:48] INFO: GET /api/health {"service":"igtihad-api","method":"GET","url":"/api/health","status":304,"duration":"1ms"}
[2026-05-04 13:07:48] INFO: POST /api/auth/login {"service":"igtihad-api","method":"POST","url":"/api/auth/login","status":200,"duration":"116ms"}
[2026-05-04 13:07:48] INFO: GET /api/courses {"service":"igtihad-api","method":"GET","url":"/api/courses","status":304,"duration":"1ms"}
[2026-05-04 13:07:48] INFO: GET /api/admin/codes {"service":"igtihad-api","method":"GET","url":"/api/admin/codes","status":304,"duration":"4ms"}
[2026-05-04 13:07:48] INFO: GET /api/admin/dashboard {"service":"igtihad-api","method":"GET","url":"/api/admin/dashboard","status":200,"duration":"15ms"}
[2026-05-04 13:07:49] INFO: GET /api/courses {"service":"igtihad-api","method":"GET","url":"/api/courses","status":304,"duration":"2ms"}
[2026-05-04 13:07:49] INFO: GET /api/admin/codes {"service":"igtihad-api","method":"GET","url":"/api/admin/codes","status":304,"duration":"4ms"}
[2026-05-04 13:07:49] INFO: GET /api/admin/dashboard {"service":"igtihad-api","method":"GET","url":"/api/admin/dashboard","status":304,"duration":"9ms"}
[2026-05-04 13:07:52] WARN: GET /api/public/settings {"service":"igtihad-api","method":"GET","url":"/api/public/settings","status":404,"duration":"3ms"}
[2026-05-04 13:07:59] INFO: GET /api/auth/me {"service":"igtihad-api","method":"GET","url":"/api/auth/me","status":304,"duration":"4ms"}
[2026-05-04 13:07:59] INFO: GET /api/settings {"service":"igtihad-api","method":"GET","url":"/api/settings","status":304,"duration":"2ms"}
[2026-05-04 13:08:15] INFO: GET /api/students/admins {"service":"igtihad-api","method":"GET","url":"/api/students/admins","status":304,"duration":"1ms"}
[2026-05-04 13:08:16] INFO: GET /api/public/reviews {"service":"igtihad-api","method":"GET","url":"/api/public/reviews","status":304,"duration":"2ms"}
[2026-05-04 13:08:17] INFO: GET /api/courses {"service":"igtihad-api","method":"GET","url":"/api/courses","status":304,"duration":"1ms"}
[2026-05-04 13:08:18] INFO: GET /api/students/qa/all {"service":"igtihad-api","method":"GET","url":"/api/students/qa/all","status":304,"duration":"3ms"}
[2026-05-04 13:08:19] INFO: GET /api/courses {"service":"igtihad-api","method":"GET","url":"/api/courses","status":304,"duration":"2ms"}
[2026-05-04 13:08:19] INFO: GET /api/quizzes {"service":"igtihad-api","method":"GET","url":"/api/quizzes","status":304,"duration":"2ms"}
[2026-05-04 13:08:19] INFO: GET /api/quizzes/1/questions {"service":"igtihad-api","method":"GET","url":"/api/quizzes/1/questions","status":304,"duration":"5ms"}
[2026-05-04 13:08:20] INFO: GET /api/courses {"service":"igtihad-api","method":"GET","url":"/api/courses","status":304,"duration":"6ms"}
[2026-05-04 13:08:20] INFO: GET /api/admin/codes {"service":"igtihad-api","method":"GET","url":"/api/admin/codes","status":304,"duration":"4ms"}
[2026-05-04 13:08:21] INFO: GET /api/courses {"service":"igtihad-api","method":"GET","url":"/api/courses","status":304,"duration":"2ms"}
[2026-05-04 13:08:21] INFO: GET /api/settings {"service":"igtihad-api","method":"GET","url":"/api/settings","status":304,"duration":"3ms"}
[2026-05-04 13:08:21] INFO: GET /api/students {"service":"igtihad-api","method":"GET","url":"/api/students","status":304,"duration":"4ms"}
[2026-05-04 13:08:22] INFO: GET /api/courses {"service":"igtihad-api","method":"GET","url":"/api/courses","status":304,"duration":"4ms"}
[2026-05-04 13:08:22] INFO: GET /api/settings {"service":"igtihad-api","method":"GET","url":"/api/settings","status":304,"duration":"3ms"}
[2026-05-04 13:08:24] INFO: GET /api/admin/codes {"service":"igtihad-api","method":"GET","url":"/api/admin/codes","status":304,"duration":"4ms"}
[2026-05-04 13:08:24] INFO: GET /api/courses {"service":"igtihad-api","method":"GET","url":"/api/courses","status":304,"duration":"2ms"}
[2026-05-04 13:08:24] INFO: GET /api/admin/dashboard {"service":"igtihad-api","method":"GET","url":"/api/admin/dashboard","status":304,"duration":"7ms"}
[2026-05-04 13:08:25] INFO: GET /api/courses {"service":"igtihad-api","method":"GET","url":"/api/courses","status":304,"duration":"1ms"}
[2026-05-04 13:08:25] INFO: GET /api/admin/dashboard {"service":"igtihad-api","method":"GET","url":"/api/admin/dashboard","status":304,"duration":"5ms"}
[2026-05-04 13:08:25] INFO: GET /api/admin/codes {"service":"igtihad-api","method":"GET","url":"/api/admin/codes","status":304,"duration":"4ms"}
[2026-05-04 13:08:27] INFO: GET /api/students/admins {"service":"igtihad-api","method":"GET","url":"/api/students/admins","status":304,"duration":"4ms"}
[2026-05-04 13:08:36] INFO: GET /api/courses {"service":"igtihad-api","method":"GET","url":"/api/courses","status":304,"duration":"0ms"}
[2026-05-04 13:08:37] INFO: GET /api/public/reviews {"service":"igtihad-api","method":"GET","url":"/api/public/reviews","status":304,"duration":"1ms"}
[2026-05-04 13:08:39] INFO: GET /api/courses {"service":"igtihad-api","method":"GET","url":"/api/courses","status":304,"duration":"2ms"}
[2026-05-04 13:10:24] INFO: POST /api/admin/notifications/send {"service":"igtihad-api","method":"POST","url":"/api/admin/notifications/send","status":200,"duration":"7ms"}
[2026-05-04 13:10:29] INFO: GET /api/health {"service":"igtihad-api","method":"GET","url":"/api/health","status":304,"duration":"1ms"}
[2026-05-04 13:10:30] INFO: GET /api/health {"service":"igtihad-api","method":"GET","url":"/api/health","status":304,"duration":"2ms"}
[2026-05-04 13:10:32] INFO: GET /api/health {"service":"igtihad-api","method":"GET","url":"/api/health","status":304,"duration":"1ms"}
[2026-05-04 13:10:32] INFO: POST /api/auth/login {"service":"igtihad-api","method":"POST","url":"/api/auth/login","status":200,"duration":"72ms"}
[2026-05-04 13:10:32] INFO: GET /api/students/02590459-302f-4d2a-8dd1-105e42bdcab4/enrollments {"service":"igtihad-api","method":"GET","url":"/api/students/02590459-302f-4d2a-8dd1-105e42bdcab4/enrollments","status":304,"duration":"7ms"}
[2026-05-04 13:10:32] INFO: GET /api/students/02590459-302f-4d2a-8dd1-105e42bdcab4/notifications {"service":"igtihad-api","method":"GET","url":"/api/students/02590459-302f-4d2a-8dd1-105e42bdcab4/notifications","status":200,"duration":"6ms"}
[2026-05-04 13:10:32] INFO: GET /api/students/02590459-302f-4d2a-8dd1-105e42bdcab4/progress {"service":"igtihad-api","method":"GET","url":"/api/students/02590459-302f-4d2a-8dd1-105e42bdcab4/progress","status":304,"duration":"5ms"}
[2026-05-04 13:10:32] INFO: GET /api/quizzes {"service":"igtihad-api","method":"GET","url":"/api/quizzes","status":304,"duration":"3ms"}
[2026-05-04 13:10:32] INFO: GET /api/students/02590459-302f-4d2a-8dd1-105e42bdcab4/enrollments {"service":"igtihad-api","method":"GET","url":"/api/students/02590459-302f-4d2a-8dd1-105e42bdcab4/enrollments","status":304,"duration":"3ms"}
[2026-05-04 13:10:32] INFO: GET /api/students/02590459-302f-4d2a-8dd1-105e42bdcab4/notifications {"service":"igtihad-api","method":"GET","url":"/api/students/02590459-302f-4d2a-8dd1-105e42bdcab4/notifications","status":304,"duration":"6ms"}
[2026-05-04 13:10:32] INFO: GET /api/quizzes/results/student/02590459-302f-4d2a-8dd1-105e42bdcab4 {"service":"igtihad-api","method":"GET","url":"/api/quizzes/results/student/02590459-302f-4d2a-8dd1-105e42bdcab4","status":304,"duration":"6ms"}
[2026-05-04 13:10:32] INFO: GET /api/students/02590459-302f-4d2a-8dd1-105e42bdcab4/progress {"service":"igtihad-api","method":"GET","url":"/api/students/02590459-302f-4d2a-8dd1-105e42bdcab4/progress","status":304,"duration":"5ms"}
[2026-05-04 13:10:32] INFO: GET /api/quizzes {"service":"igtihad-api","method":"GET","url":"/api/quizzes","status":304,"duration":"5ms"}
[2026-05-04 13:10:32] INFO: GET /api/quizzes/results/student/02590459-302f-4d2a-8dd1-105e42bdcab4 {"service":"igtihad-api","method":"GET","url":"/api/quizzes/results/student/02590459-302f-4d2a-8dd1-105e42bdcab4","status":304,"duration":"6ms"}
[2026-05-04 13:10:37] INFO: GET /api/auth/me {"service":"igtihad-api","method":"GET","url":"/api/auth/me","status":200,"duration":"2ms"}
[2026-05-04 13:10:37] WARN: GET /api/admin/dashboard {"service":"igtihad-api","method":"GET","url":"/api/admin/dashboard","status":403,"duration":"2ms"}
[2026-05-04 13:10:37] WARN: GET /api/admin/codes {"service":"igtihad-api","method":"GET","url":"/api/admin/codes","status":403,"duration":"2ms"}
[2026-05-04 13:10:37] INFO: GET /api/courses {"service":"igtihad-api","method":"GET","url":"/api/courses","status":304,"duration":"4ms"}
[2026-05-04 13:10:38] WARN: GET /api/admin/dashboard {"service":"igtihad-api","method":"GET","url":"/api/admin/dashboard","status":403,"duration":"0ms"}
[2026-05-04 13:10:38] WARN: GET /api/admin/codes {"service":"igtihad-api","method":"GET","url":"/api/admin/codes","status":403,"duration":"1ms"}
[2026-05-04 13:10:38] INFO: GET /api/courses {"service":"igtihad-api","method":"GET","url":"/api/courses","status":304,"duration":"4ms"}
[2026-05-04 13:10:41] INFO: GET /api/health {"service":"igtihad-api","method":"GET","url":"/api/health","status":304,"duration":"1ms"}
[2026-05-04 13:10:41] INFO: GET /api/health {"service":"igtihad-api","method":"GET","url":"/api/health","status":304,"duration":"1ms"}
[2026-05-04 13:10:45] INFO: GET /api/health {"service":"igtihad-api","method":"GET","url":"/api/health","status":304,"duration":"1ms"}
[2026-05-04 13:10:45] INFO: POST /api/auth/login {"service":"igtihad-api","method":"POST","url":"/api/auth/login","status":200,"duration":"67ms"}
[2026-05-04 13:10:45] INFO: GET /api/students/02590459-302f-4d2a-8dd1-105e42bdcab4/enrollments {"service":"igtihad-api","method":"GET","url":"/api/students/02590459-302f-4d2a-8dd1-105e42bdcab4/enrollments","status":304,"duration":"5ms"}
[2026-05-04 13:10:45] INFO: GET /api/students/02590459-302f-4d2a-8dd1-105e42bdcab4/notifications {"service":"igtihad-api","method":"GET","url":"/api/students/02590459-302f-4d2a-8dd1-105e42bdcab4/notifications","status":304,"duration":"6ms"}
[2026-05-04 13:10:45] INFO: GET /api/students/02590459-302f-4d2a-8dd1-105e42bdcab4/progress {"service":"igtihad-api","method":"GET","url":"/api/students/02590459-302f-4d2a-8dd1-105e42bdcab4/progress","status":304,"duration":"8ms"}
[2026-05-04 13:10:45] INFO: GET /api/quizzes {"service":"igtihad-api","method":"GET","url":"/api/quizzes","status":304,"duration":"8ms"}
[2026-05-04 13:10:45] INFO: GET /api/quizzes/results/student/02590459-302f-4d2a-8dd1-105e42bdcab4 {"service":"igtihad-api","method":"GET","url":"/api/quizzes/results/student/02590459-302f-4d2a-8dd1-105e42bdcab4","status":304,"duration":"8ms"}
[2026-05-04 13:10:45] INFO: GET /api/students/02590459-302f-4d2a-8dd1-105e42bdcab4/enrollments {"service":"igtihad-api","method":"GET","url":"/api/students/02590459-302f-4d2a-8dd1-105e42bdcab4/enrollments","status":304,"duration":"8ms"}
[2026-05-04 13:10:45] INFO: GET /api/students/02590459-302f-4d2a-8dd1-105e42bdcab4/notifications {"service":"igtihad-api","method":"GET","url":"/api/students/02590459-302f-4d2a-8dd1-105e42bdcab4/notifications","status":304,"duration":"6ms"}
[2026-05-04 13:10:45] INFO: GET /api/students/02590459-302f-4d2a-8dd1-105e42bdcab4/progress-by-course {"service":"igtihad-api","method":"GET","url":"/api/students/02590459-302f-4d2a-8dd1-105e42bdcab4/progress-by-course","status":304,"duration":"24ms"}
[2026-05-04 13:10:45] INFO: GET /api/students/02590459-302f-4d2a-8dd1-105e42bdcab4/progress {"service":"igtihad-api","method":"GET","url":"/api/students/02590459-302f-4d2a-8dd1-105e42bdcab4/progress","status":304,"duration":"5ms"}
[2026-05-04 13:10:45] INFO: GET /api/quizzes {"service":"igtihad-api","method":"GET","url":"/api/quizzes","status":304,"duration":"8ms"}
[2026-05-04 13:10:45] INFO: GET /api/quizzes/results/student/02590459-302f-4d2a-8dd1-105e42bdcab4 {"service":"igtihad-api","method":"GET","url":"/api/quizzes/results/student/02590459-302f-4d2a-8dd1-105e42bdcab4","status":304,"duration":"7ms"}
[2026-05-04 13:10:45] INFO: GET /api/students/02590459-302f-4d2a-8dd1-105e42bdcab4/progress-by-course {"service":"igtihad-api","method":"GET","url":"/api/students/02590459-302f-4d2a-8dd1-105e42bdcab4/progress-by-course","status":304,"duration":"7ms"}
[2026-05-04 13:10:46] INFO: GET /uploads/1777862459612-427283874.jfif {"service":"igtihad-api","method":"GET","url":"/uploads/1777862459612-427283874.jfif","status":304,"duration":"18ms"}
[2026-05-04 13:10:49] INFO: GET /api/students/02590459-302f-4d2a-8dd1-105e42bdcab4/wallet {"service":"igtihad-api","method":"GET","url":"/api/students/02590459-302f-4d2a-8dd1-105e42bdcab4/wallet","status":304,"duration":"3ms"}
[2026-05-04 13:10:50] INFO: GET /api/students/02590459-302f-4d2a-8dd1-105e42bdcab4/enrollments {"service":"igtihad-api","method":"GET","url":"/api/students/02590459-302f-4d2a-8dd1-105e42bdcab4/enrollments","status":304,"duration":"3ms"}
[2026-05-04 13:10:50] INFO: GET /api/students/02590459-302f-4d2a-8dd1-105e42bdcab4/progress-by-course {"service":"igtihad-api","method":"GET","url":"/api/students/02590459-302f-4d2a-8dd1-105e42bdcab4/progress-by-course","status":304,"duration":"5ms"}
[2026-05-04 13:10:50] INFO: GET /api/students/02590459-302f-4d2a-8dd1-105e42bdcab4/enrollments {"service":"igtihad-api","method":"GET","url":"/api/students/02590459-302f-4d2a-8dd1-105e42bdcab4/enrollments","status":304,"duration":"3ms"}
[2026-05-04 13:10:50] INFO: GET /api/students/02590459-302f-4d2a-8dd1-105e42bdcab4/progress-by-course {"service":"igtihad-api","method":"GET","url":"/api/students/02590459-302f-4d2a-8dd1-105e42bdcab4/progress-by-course","status":304,"duration":"8ms"}
[2026-05-04 13:10:51] INFO: GET /api/students/02590459-302f-4d2a-8dd1-105e42bdcab4/wallet {"service":"igtihad-api","method":"GET","url":"/api/students/02590459-302f-4d2a-8dd1-105e42bdcab4/wallet","status":304,"duration":"2ms"}
[2026-05-04 13:10:54] INFO: GET /api/students/02590459-302f-4d2a-8dd1-105e42bdcab4/enrollments {"service":"igtihad-api","method":"GET","url":"/api/students/02590459-302f-4d2a-8dd1-105e42bdcab4/enrollments","status":304,"duration":"1ms"}
[2026-05-04 13:10:54] INFO: GET /api/students/02590459-302f-4d2a-8dd1-105e42bdcab4/progress-by-course {"service":"igtihad-api","method":"GET","url":"/api/students/02590459-302f-4d2a-8dd1-105e42bdcab4/progress-by-course","status":304,"duration":"7ms"}
[2026-05-04 13:10:54] INFO: GET /api/students/02590459-302f-4d2a-8dd1-105e42bdcab4/enrollments {"service":"igtihad-api","method":"GET","url":"/api/students/02590459-302f-4d2a-8dd1-105e42bdcab4/enrollments","status":304,"duration":"9ms"}
[2026-05-04 13:10:54] INFO: GET /api/students/02590459-302f-4d2a-8dd1-105e42bdcab4/progress-by-course {"service":"igtihad-api","method":"GET","url":"/api/students/02590459-302f-4d2a-8dd1-105e42bdcab4/progress-by-course","status":304,"duration":"11ms"}
[2026-05-04 13:10:56] INFO: GET /api/students/02590459-302f-4d2a-8dd1-105e42bdcab4/progress {"service":"igtihad-api","method":"GET","url":"/api/students/02590459-302f-4d2a-8dd1-105e42bdcab4/progress","status":304,"duration":"1ms"}
[2026-05-04 13:10:56] INFO: GET /api/students/qa/lesson/1 {"service":"igtihad-api","method":"GET","url":"/api/students/qa/lesson/1","status":304,"duration":"2ms"}
[2026-05-04 13:10:56] INFO: GET /api/courses/lessons/1/context {"service":"igtihad-api","method":"GET","url":"/api/courses/lessons/1/context","status":304,"duration":"9ms"}
[2026-05-04 13:10:56] INFO: GET /api/students/qa/lesson/1 {"service":"igtihad-api","method":"GET","url":"/api/students/qa/lesson/1","status":304,"duration":"9ms"}
[2026-05-04 13:10:56] INFO: GET /api/students/02590459-302f-4d2a-8dd1-105e42bdcab4/progress {"service":"igtihad-api","method":"GET","url":"/api/students/02590459-302f-4d2a-8dd1-105e42bdcab4/progress","status":304,"duration":"5ms"}
[2026-05-04 13:10:56] INFO: GET /api/students/qa/lesson/1 {"service":"igtihad-api","method":"GET","url":"/api/students/qa/lesson/1","status":304,"duration":"2ms"}
[2026-05-04 13:10:56] INFO: GET /api/courses/lessons/1/context {"service":"igtihad-api","method":"GET","url":"/api/courses/lessons/1/context","status":304,"duration":"11ms"}
[2026-05-04 13:11:01] INFO: GET /api/auth/me {"service":"igtihad-api","method":"GET","url":"/api/auth/me","status":304,"duration":"3ms"}
[2026-05-04 13:11:01] INFO: GET /uploads/1777861320156-297676208.jpg {"service":"igtihad-api","method":"GET","url":"/uploads/1777861320156-297676208.jpg","status":304,"duration":"3ms"}
[2026-05-04 13:11:01] INFO: GET /api/courses/lessons/1/context {"service":"igtihad-api","method":"GET","url":"/api/courses/lessons/1/context","status":304,"duration":"2ms"}
[2026-05-04 13:11:01] INFO: GET /api/students/02590459-302f-4d2a-8dd1-105e42bdcab4/progress {"service":"igtihad-api","method":"GET","url":"/api/students/02590459-302f-4d2a-8dd1-105e42bdcab4/progress","status":304,"duration":"5ms"}
[2026-05-04 13:11:01] INFO: GET /api/students/qa/lesson/1 {"service":"igtihad-api","method":"GET","url":"/api/students/qa/lesson/1","status":304,"duration":"4ms"}
[2026-05-04 13:11:01] INFO: GET /api/students/02590459-302f-4d2a-8dd1-105e42bdcab4/progress {"service":"igtihad-api","method":"GET","url":"/api/students/02590459-302f-4d2a-8dd1-105e42bdcab4/progress","status":304,"duration":"4ms"}
[2026-05-04 13:11:01] INFO: GET /api/students/02590459-302f-4d2a-8dd1-105e42bdcab4/notifications {"service":"igtihad-api","method":"GET","url":"/api/students/02590459-302f-4d2a-8dd1-105e42bdcab4/notifications","status":304,"duration":"5ms"}
[2026-05-04 13:11:01] INFO: GET /api/students/qa/lesson/1 {"service":"igtihad-api","method":"GET","url":"/api/students/qa/lesson/1","status":304,"duration":"5ms"}
[2026-05-04 13:11:01] INFO: GET /api/students/02590459-302f-4d2a-8dd1-105e42bdcab4/notifications {"service":"igtihad-api","method":"GET","url":"/api/students/02590459-302f-4d2a-8dd1-105e42bdcab4/notifications","status":304,"duration":"4ms"}
[2026-05-04 13:11:01] INFO: GET /api/students/qa/lesson/1 {"service":"igtihad-api","method":"GET","url":"/api/students/qa/lesson/1","status":304,"duration":"4ms"}
[2026-05-04 13:11:01] INFO: GET /api/courses/lessons/1/context {"service":"igtihad-api","method":"GET","url":"/api/courses/lessons/1/context","status":304,"duration":"27ms"}
[2026-05-04 13:13:57] INFO: GET /uploads/1777861320156-297676208.jpg {"service":"igtihad-api","method":"GET","url":"/uploads/1777861320156-297676208.jpg","status":304,"duration":"1ms"}
[2026-05-04 13:13:57] INFO: GET /api/auth/me {"service":"igtihad-api","method":"GET","url":"/api/auth/me","status":304,"duration":"3ms"}
[2026-05-04 13:13:57] INFO: GET /api/students/qa/lesson/1 {"service":"igtihad-api","method":"GET","url":"/api/students/qa/lesson/1","status":304,"duration":"2ms"}
[2026-05-04 13:13:57] INFO: GET /api/students/02590459-302f-4d2a-8dd1-105e42bdcab4/notifications {"service":"igtihad-api","method":"GET","url":"/api/students/02590459-302f-4d2a-8dd1-105e42bdcab4/notifications","status":304,"duration":"2ms"}
[2026-05-04 13:13:57] INFO: GET /api/courses/lessons/1/context {"service":"igtihad-api","method":"GET","url":"/api/courses/lessons/1/context","status":304,"duration":"2ms"}
[2026-05-04 13:13:57] INFO: GET /api/students/02590459-302f-4d2a-8dd1-105e42bdcab4/progress {"service":"igtihad-api","method":"GET","url":"/api/students/02590459-302f-4d2a-8dd1-105e42bdcab4/progress","status":304,"duration":"3ms"}
[2026-05-04 13:13:57] INFO: GET /api/students/qa/lesson/1 {"service":"igtihad-api","method":"GET","url":"/api/students/qa/lesson/1","status":304,"duration":"3ms"}
[2026-05-04 13:13:57] INFO: GET /api/students/02590459-302f-4d2a-8dd1-105e42bdcab4/notifications {"service":"igtihad-api","method":"GET","url":"/api/students/02590459-302f-4d2a-8dd1-105e42bdcab4/notifications","status":304,"duration":"3ms"}
[2026-05-04 13:13:57] INFO: GET /api/courses/lessons/1/context {"service":"igtihad-api","method":"GET","url":"/api/courses/lessons/1/context","status":304,"duration":"4ms"}
[2026-05-04 13:13:57] INFO: GET /api/students/02590459-302f-4d2a-8dd1-105e42bdcab4/progress {"service":"igtihad-api","method":"GET","url":"/api/students/02590459-302f-4d2a-8dd1-105e42bdcab4/progress","status":304,"duration":"2ms"}
[2026-05-04 13:13:57] INFO: GET /api/students/qa/lesson/1 {"service":"igtihad-api","method":"GET","url":"/api/students/qa/lesson/1","status":304,"duration":"2ms"}
[2026-05-04 13:13:59] INFO: GET /api/auth/me {"service":"igtihad-api","method":"GET","url":"/api/auth/me","status":304,"duration":"2ms"}
[2026-05-04 13:13:59] INFO: GET /uploads/1777861320156-297676208.jpg {"service":"igtihad-api","method":"GET","url":"/uploads/1777861320156-297676208.jpg","status":304,"duration":"2ms"}
[2026-05-04 13:13:59] INFO: GET /api/students/02590459-302f-4d2a-8dd1-105e42bdcab4/notifications {"service":"igtihad-api","method":"GET","url":"/api/students/02590459-302f-4d2a-8dd1-105e42bdcab4/notifications","status":304,"duration":"3ms"}
[2026-05-04 13:13:59] INFO: GET /api/students/02590459-302f-4d2a-8dd1-105e42bdcab4/notifications {"service":"igtihad-api","method":"GET","url":"/api/students/02590459-302f-4d2a-8dd1-105e42bdcab4/notifications","status":304,"duration":"9ms"}
[2026-05-04 13:13:59] INFO: GET /api/students/02590459-302f-4d2a-8dd1-105e42bdcab4/progress {"service":"igtihad-api","method":"GET","url":"/api/students/02590459-302f-4d2a-8dd1-105e42bdcab4/progress","status":304,"duration":"7ms"}
[2026-05-04 13:13:59] INFO: GET /api/students/qa/lesson/1 {"service":"igtihad-api","method":"GET","url":"/api/students/qa/lesson/1","status":304,"duration":"4ms"}
[2026-05-04 13:13:59] INFO: GET /api/students/02590459-302f-4d2a-8dd1-105e42bdcab4/progress {"service":"igtihad-api","method":"GET","url":"/api/students/02590459-302f-4d2a-8dd1-105e42bdcab4/progress","status":304,"duration":"3ms"}
[2026-05-04 13:13:59] INFO: GET /api/students/qa/lesson/1 {"service":"igtihad-api","method":"GET","url":"/api/students/qa/lesson/1","status":304,"duration":"5ms"}
[2026-05-04 13:13:59] INFO: GET /api/courses/lessons/1/context {"service":"igtihad-api","method":"GET","url":"/api/courses/lessons/1/context","status":304,"duration":"22ms"}
[2026-05-04 13:13:59] INFO: GET /api/students/qa/lesson/1 {"service":"igtihad-api","method":"GET","url":"/api/students/qa/lesson/1","status":304,"duration":"3ms"}
[2026-05-04 13:13:59] INFO: GET /api/courses/lessons/1/context {"service":"igtihad-api","method":"GET","url":"/api/courses/lessons/1/context","status":304,"duration":"4ms"}
[2026-05-04 13:29:46] INFO: 🚀 Server is running on http://0.0.0.0:5000 {"service":"igtihad-api"}
[2026-05-04 13:32:53] INFO: 🚀 Server is running on http://0.0.0.0:5000 {"service":"igtihad-api"}
[2026-05-04 13:35:23] INFO: GET /api/courses/lessons/1/context {"service":"igtihad-api","method":"GET","url":"/api/courses/lessons/1/context","status":304,"duration":"17ms"}
[2026-05-04 13:35:23] INFO: GET /api/students/02590459-302f-4d2a-8dd1-105e42bdcab4/progress {"service":"igtihad-api","method":"GET","url":"/api/students/02590459-302f-4d2a-8dd1-105e42bdcab4/progress","status":304,"duration":"10ms"}
[2026-05-04 13:35:23] INFO: GET /api/students/02590459-302f-4d2a-8dd1-105e42bdcab4/notifications {"service":"igtihad-api","method":"GET","url":"/api/students/02590459-302f-4d2a-8dd1-105e42bdcab4/notifications","status":304,"duration":"4ms"}
[2026-05-04 13:35:23] INFO: GET /api/students/qa/lesson/1 {"service":"igtihad-api","method":"GET","url":"/api/students/qa/lesson/1","status":304,"duration":"6ms"}
[2026-05-04 13:35:23] INFO: GET /api/students/02590459-302f-4d2a-8dd1-105e42bdcab4/progress {"service":"igtihad-api","method":"GET","url":"/api/students/02590459-302f-4d2a-8dd1-105e42bdcab4/progress","status":304,"duration":"4ms"}
[2026-05-04 13:35:23] INFO: GET /api/students/02590459-302f-4d2a-8dd1-105e42bdcab4/notifications {"service":"igtihad-api","method":"GET","url":"/api/students/02590459-302f-4d2a-8dd1-105e42bdcab4/notifications","status":304,"duration":"5ms"}
[2026-05-04 13:35:23] INFO: GET /api/students/qa/lesson/1 {"service":"igtihad-api","method":"GET","url":"/api/students/qa/lesson/1","status":304,"duration":"5ms"}
[2026-05-04 13:35:23] INFO: GET /api/students/qa/lesson/1 {"service":"igtihad-api","method":"GET","url":"/api/students/qa/lesson/1","status":304,"duration":"3ms"}
[2026-05-04 13:35:23] INFO: GET /api/courses/lessons/1/context {"service":"igtihad-api","method":"GET","url":"/api/courses/lessons/1/context","status":304,"duration":"25ms"}
[2026-05-04 13:35:26] INFO: PUT /api/students/02590459-302f-4d2a-8dd1-105e42bdcab4/notifications/read {"service":"igtihad-api","method":"PUT","url":"/api/students/02590459-302f-4d2a-8dd1-105e42bdcab4/notifications/read","status":200,"duration":"6ms"}
